{
  "type": "FeatureCollection",
  "features": [
    {
      "type": "Feature",
      "geometry": {
        "type": "Point",
        "coordinates": [
          -0.123905,
          51.535697
        ]
      },
      "properties": {
        "id": "osm:node/10240945793",
        "name": "Queer Britain",
        "payment_to_enter": "none",
        "payment_to_sit": null,
        "time_pressure": null,
        "conversation": null,
        "activity": null,
        "seating": null,
        "setting": "indoor",
        "support_options": null,
        "why": null,
        "verified": false,
        "verified_date": null,
        "osm_tags": {
          "fee": "no",
          "name": "Queer Britain",
          "opening_hours": "Mo-Tu off; We-Su 12:00-18:00",
          "operator": "Queer Britain Museum Ltd",
          "toilets": "yes",
          "tourism": "museum",
          "wheelchair": "yes"
        }
      }
    },
    {
      "type": "Feature",
      "geometry": {
        "type": "Point",
        "coordinates": [
          -0.089571,
          51.503563
        ]
      },
      "properties": {
        "id": "osm:node/10270502651",
        "name": "Gordon Museum",
        "payment_to_enter": "none",
        "payment_to_sit": null,
        "time_pressure": null,
        "conversation": null,
        "activity": null,
        "seating": null,
        "setting": "indoor",
        "support_options": null,
        "why": null,
        "verified": false,
        "verified_date": null,
        "osm_tags": {
          "access": "private",
          "fee": "no",
          "name": "Gordon Museum",
          "tourism": "museum"
        }
      }
    },
    {
      "type": "Feature",
      "geometry": {
        "type": "Point",
        "coordinates": [
          -0.129877,
          51.509679
        ]
      },
      "properties": {
        "id": "osm:node/10621539399",
        "name": "Westminster Music Library",
        "payment_to_enter": null,
        "payment_to_sit": null,
        "time_pressure": null,
        "conversation": null,
        "activity": null,
        "seating": null,
        "setting": "indoor",
        "support_options": null,
        "why": null,
        "verified": false,
        "verified_date": null,
        "osm_tags": {
          "amenity": "library",
          "name": "Westminster Music Library"
        }
      }
    },
    {
      "type": "Feature",
      "geometry": {
        "type": "Point",
        "coordinates": [
          -0.126007,
          51.53743
        ]
      },
      "properties": {
        "id": "osm:node/11008671201",
        "name": "Lightroom",
        "payment_to_enter": "required",
        "payment_to_sit": null,
        "time_pressure": null,
        "conversation": null,
        "activity": null,
        "seating": null,
        "setting": "indoor",
        "support_options": null,
        "why": null,
        "verified": false,
        "verified_date": null,
        "osm_tags": {
          "fee": "yes",
          "name": "Lightroom",
          "tourism": "museum"
        }
      }
    },
    {
      "type": "Feature",
      "geometry": {
        "type": "Point",
        "coordinates": [
          -0.129313,
          51.490425
        ]
      },
      "properties": {
        "id": "osm:node/11015009753",
        "name": "Stuart Hall Library",
        "payment_to_enter": null,
        "payment_to_sit": null,
        "time_pressure": null,
        "conversation": null,
        "activity": null,
        "seating": null,
        "setting": "indoor",
        "support_options": null,
        "why": null,
        "verified": false,
        "verified_date": null,
        "osm_tags": {
          "amenity": "library",
          "name": "Stuart Hall Library"
        }
      }
    },
    {
      "type": "Feature",
      "geometry": {
        "type": "Point",
        "coordinates": [
          -0.07443,
          51.513396
        ]
      },
      "properties": {
        "id": "osm:node/11147330705",
        "name": "Portsoken Community Centre",
        "payment_to_enter": null,
        "payment_to_sit": null,
        "time_pressure": null,
        "conversation": null,
        "activity": null,
        "seating": null,
        "setting": "indoor",
        "support_options": null,
        "why": null,
        "verified": false,
        "verified_date": null,
        "osm_tags": {
          "amenity": "community_centre",
          "name": "Portsoken Community Centre",
          "operator": "City of London Corporation"
        }
      }
    },
    {
      "type": "Feature",
      "geometry": {
        "type": "Point",
        "coordinates": [
          -0.143008,
          51.515332
        ]
      },
      "properties": {
        "id": "osm:node/11346255514",
        "name": "Twist Museum",
        "payment_to_enter": "required",
        "payment_to_sit": null,
        "time_pressure": null,
        "conversation": null,
        "activity": null,
        "seating": null,
        "setting": "indoor",
        "support_options": null,
        "why": null,
        "verified": false,
        "verified_date": null,
        "osm_tags": {
          "fee": "yes",
          "name": "Twist Museum",
          "opening_hours": "Mo-Th 11:00-19:30; Fr 11:00-21:00; Sa 10:00-21:00; Su 10:00-18:30",
          "tourism": "museum"
        }
      }
    },
    {
      "type": "Feature",
      "geometry": {
        "type": "Point",
        "coordinates": [
          -0.092252,
          51.507072
        ]
      },
      "properties": {
        "id": "osm:node/11557826353",
        "name": "Delight",
        "payment_to_enter": null,
        "payment_to_sit": null,
        "time_pressure": null,
        "conversation": null,
        "activity": null,
        "seating": null,
        "setting": "indoor",
        "support_options": null,
        "why": null,
        "verified": false,
        "verified_date": null,
        "osm_tags": {
          "amenity": "arts_centre",
          "name": "Delight"
        }
      }
    },
    {
      "type": "Feature",
      "geometry": {
        "type": "Point",
        "coordinates": [
          -0.129847,
          51.515718
        ]
      },
      "properties": {
        "id": "osm:node/11607899737",
        "name": "The NOW Building",
        "payment_to_enter": null,
        "payment_to_sit": null,
        "time_pressure": null,
        "conversation": null,
        "activity": null,
        "seating": null,
        "setting": "indoor",
        "support_options": null,
        "why": null,
        "verified": false,
        "verified_date": null,
        "osm_tags": {
          "amenity": "arts_centre",
          "name": "The NOW Building"
        }
      }
    },
    {
      "type": "Feature",
      "geometry": {
        "type": "Point",
        "coordinates": [
          -0.129533,
          51.515796
        ]
      },
      "properties": {
        "id": "osm:node/11607899738",
        "name": "NOW Trending",
        "payment_to_enter": null,
        "payment_to_sit": null,
        "time_pressure": null,
        "conversation": null,
        "activity": null,
        "seating": null,
        "setting": "indoor",
        "support_options": null,
        "why": null,
        "verified": false,
        "verified_date": null,
        "osm_tags": {
          "amenity": "arts_centre",
          "name": "NOW Trending"
        }
      }
    },
    {
      "type": "Feature",
      "geometry": {
        "type": "Point",
        "coordinates": [
          -0.121726,
          51.51349
        ]
      },
      "properties": {
        "id": "osm:node/12064506169",
        "name": "Bow Street Police Museum",
        "payment_to_enter": "required",
        "payment_to_sit": null,
        "time_pressure": null,
        "conversation": null,
        "activity": null,
        "seating": null,
        "setting": "indoor",
        "support_options": null,
        "why": null,
        "verified": false,
        "verified_date": null,
        "osm_tags": {
          "fee": "yes",
          "name": "Bow Street Police Museum",
          "opening_hours": "Fr-Su 11:00-16:30",
          "tourism": "museum",
          "wheelchair": "limited"
        }
      }
    },
    {
      "type": "Feature",
      "geometry": {
        "type": "Point",
        "coordinates": [
          -0.168506,
          51.48735
        ]
      },
      "properties": {
        "id": "osm:node/1210268273",
        "name": "Chelsea Library",
        "payment_to_enter": null,
        "payment_to_sit": null,
        "time_pressure": null,
        "conversation": null,
        "activity": null,
        "seating": null,
        "setting": "indoor",
        "support_options": null,
        "why": null,
        "verified": false,
        "verified_date": null,
        "osm_tags": {
          "amenity": "library",
          "internet_access": "terminal",
          "name": "Chelsea Library",
          "opening_hours": "Mo,Tu,Th 09:30-20:00; We,Fr,Sa 09:30-17:00; Su 13:00-17:00"
        }
      }
    },
    {
      "type": "Feature",
      "geometry": {
        "type": "Point",
        "coordinates": [
          -0.137076,
          51.497923
        ]
      },
      "properties": {
        "id": "osm:node/12156767568",
        "name": "Onion Garden",
        "payment_to_enter": null,
        "payment_to_sit": null,
        "time_pressure": null,
        "conversation": null,
        "activity": null,
        "seating": null,
        "setting": "outdoor",
        "support_options": null,
        "why": null,
        "verified": false,
        "verified_date": null,
        "osm_tags": {
          "leisure": "garden",
          "name": "Onion Garden"
        }
      }
    },
    {
      "type": "Feature",
      "geometry": {
        "type": "Point",
        "coordinates": [
          -0.134266,
          51.523732
        ]
      },
      "properties": {
        "id": "osm:node/1216160782",
        "name": "Grant Museum of Zoology",
        "payment_to_enter": "none",
        "payment_to_sit": null,
        "time_pressure": null,
        "conversation": null,
        "activity": null,
        "seating": null,
        "setting": "indoor",
        "support_options": null,
        "why": null,
        "verified": false,
        "verified_date": null,
        "osm_tags": {
          "fee": "no",
          "name": "Grant Museum of Zoology",
          "opening_hours": "Tu-Fr 13:00-17:00; Sa 11:00-17:00; Su,Mo,PH off",
          "tourism": "museum",
          "wheelchair": "limited"
        }
      }
    },
    {
      "type": "Feature",
      "geometry": {
        "type": "Point",
        "coordinates": [
          -0.175031,
          51.499244
        ]
      },
      "properties": {
        "id": "osm:node/12263111511",
        "name": "Alumni Visitor Centre",
        "payment_to_enter": null,
        "payment_to_sit": null,
        "time_pressure": null,
        "conversation": null,
        "activity": null,
        "seating": null,
        "setting": "indoor",
        "support_options": null,
        "why": null,
        "verified": false,
        "verified_date": null,
        "osm_tags": {
          "amenity": "community_centre",
          "name": "Alumni Visitor Centre",
          "opening_hours": "Mo-Fr 09:15-16:15",
          "operator": "Imperial College London"
        }
      }
    },
    {
      "type": "Feature",
      "geometry": {
        "type": "Point",
        "coordinates": [
          -0.129594,
          51.526949
        ]
      },
      "properties": {
        "id": "osm:node/12362386280",
        "name": "Bartlett Library",
        "payment_to_enter": null,
        "payment_to_sit": null,
        "time_pressure": null,
        "conversation": null,
        "activity": null,
        "seating": null,
        "setting": "indoor",
        "support_options": null,
        "why": null,
        "verified": false,
        "verified_date": null,
        "osm_tags": {
          "amenity": "library",
          "internet_access": "yes",
          "name": "Bartlett Library",
          "operator": "UCL Library Services"
        }
      }
    },
    {
      "type": "Feature",
      "geometry": {
        "type": "Point",
        "coordinates": [
          -0.13075,
          51.53198
        ]
      },
      "properties": {
        "id": "osm:node/12362991070",
        "name": "Somers Town Community Centre",
        "payment_to_enter": null,
        "payment_to_sit": null,
        "time_pressure": null,
        "conversation": null,
        "activity": null,
        "seating": null,
        "setting": "indoor",
        "support_options": null,
        "why": null,
        "verified": false,
        "verified_date": null,
        "osm_tags": {
          "amenity": "community_centre",
          "name": "Somers Town Community Centre"
        }
      }
    },
    {
      "type": "Feature",
      "geometry": {
        "type": "Point",
        "coordinates": [
          -0.14481,
          51.521377
        ]
      },
      "properties": {
        "id": "osm:node/12539364474",
        "name": "RIBA Library",
        "payment_to_enter": null,
        "payment_to_sit": null,
        "time_pressure": null,
        "conversation": null,
        "activity": null,
        "seating": null,
        "setting": "indoor",
        "support_options": null,
        "why": null,
        "verified": false,
        "verified_date": null,
        "osm_tags": {
          "amenity": "library",
          "name": "RIBA Library",
          "tourism": "museum"
        }
      }
    },
    {
      "type": "Feature",
      "geometry": {
        "type": "Point",
        "coordinates": [
          -0.121267,
          51.515009
        ]
      },
      "properties": {
        "id": "osm:node/12541989407",
        "name": "Museum of Freemasonry",
        "payment_to_enter": "none",
        "payment_to_sit": null,
        "time_pressure": null,
        "conversation": null,
        "activity": null,
        "seating": null,
        "setting": "indoor",
        "support_options": null,
        "why": null,
        "verified": false,
        "verified_date": null,
        "osm_tags": {
          "fee": "no",
          "name": "Museum of Freemasonry",
          "tourism": "museum"
        }
      }
    },
    {
      "type": "Feature",
      "geometry": {
        "type": "Point",
        "coordinates": [
          -0.173469,
          51.497306
        ]
      },
      "properties": {
        "id": "osm:node/12542127738",
        "name": "RIBA Architecture Study Rooms",
        "payment_to_enter": null,
        "payment_to_sit": null,
        "time_pressure": null,
        "conversation": null,
        "activity": null,
        "seating": null,
        "setting": "indoor",
        "support_options": null,
        "why": null,
        "verified": false,
        "verified_date": null,
        "osm_tags": {
          "name": "RIBA Architecture Study Rooms",
          "tourism": "museum"
        }
      }
    },
    {
      "type": "Feature",
      "geometry": {
        "type": "Point",
        "coordinates": [
          -0.145066,
          51.519431
        ]
      },
      "properties": {
        "id": "osm:node/12546753235",
        "name": "Anaesthesia Heritage Centre",
        "payment_to_enter": "none",
        "payment_to_sit": null,
        "time_pressure": null,
        "conversation": null,
        "activity": null,
        "seating": null,
        "setting": "indoor",
        "support_options": null,
        "why": null,
        "verified": false,
        "verified_date": null,
        "osm_tags": {
          "fee": "no",
          "name": "Anaesthesia Heritage Centre",
          "opening_hours": "Mo-Fr 10:00-16:00; PH off",
          "toilets": "yes",
          "tourism": "museum",
          "wheelchair": "yes"
        }
      }
    },
    {
      "type": "Feature",
      "geometry": {
        "type": "Point",
        "coordinates": [
          -0.088524,
          51.519238
        ]
      },
      "properties": {
        "id": "osm:node/12551995914",
        "name": "British Red Cross Museum",
        "payment_to_enter": "none",
        "payment_to_sit": null,
        "time_pressure": null,
        "conversation": null,
        "activity": null,
        "seating": null,
        "setting": "indoor",
        "support_options": null,
        "why": null,
        "verified": false,
        "verified_date": null,
        "osm_tags": {
          "fee": "no",
          "name": "British Red Cross Museum",
          "opening_hours": "Mo-Fr 09:00-18:00",
          "tourism": "museum",
          "wheelchair": "yes"
        }
      }
    },
    {
      "type": "Feature",
      "geometry": {
        "type": "Point",
        "coordinates": [
          -0.142279,
          51.509702
        ]
      },
      "properties": {
        "id": "osm:node/12556923049",
        "name": "Faraday Museum",
        "payment_to_enter": "none",
        "payment_to_sit": null,
        "time_pressure": null,
        "conversation": null,
        "activity": null,
        "seating": null,
        "setting": "indoor",
        "support_options": null,
        "why": null,
        "verified": false,
        "verified_date": null,
        "osm_tags": {
          "fee": "no",
          "name": "Faraday Museum",
          "opening_hours": "Mo-Fr 09:00-17:00",
          "tourism": "museum"
        }
      }
    },
    {
      "type": "Feature",
      "geometry": {
        "type": "Point",
        "coordinates": [
          -0.068357,
          51.50902
        ]
      },
      "properties": {
        "id": "osm:node/12557420113",
        "name": "Royal Pharmaceutical Society Museum",
        "payment_to_enter": null,
        "payment_to_sit": null,
        "time_pressure": null,
        "conversation": null,
        "activity": null,
        "seating": null,
        "setting": "indoor",
        "support_options": null,
        "why": null,
        "verified": false,
        "verified_date": null,
        "osm_tags": {
          "name": "Royal Pharmaceutical Society Museum",
          "tourism": "museum"
        }
      }
    },
    {
      "type": "Feature",
      "geometry": {
        "type": "Point",
        "coordinates": [
          -0.1332,
          51.524386
        ]
      },
      "properties": {
        "id": "osm:node/12561372014",
        "name": "UCL Art Museum",
        "payment_to_enter": "none",
        "payment_to_sit": null,
        "time_pressure": null,
        "conversation": null,
        "activity": null,
        "seating": null,
        "setting": "indoor",
        "support_options": null,
        "why": null,
        "verified": false,
        "verified_date": null,
        "osm_tags": {
          "fee": "no",
          "name": "UCL Art Museum",
          "tourism": "museum"
        }
      }
    },
    {
      "type": "Feature",
      "geometry": {
        "type": "Point",
        "coordinates": [
          -0.177484,
          51.49964
        ]
      },
      "properties": {
        "id": "osm:node/12565855519",
        "name": "Royal College of Music Museum",
        "payment_to_enter": "none",
        "payment_to_sit": null,
        "time_pressure": null,
        "conversation": null,
        "activity": null,
        "seating": null,
        "setting": "indoor",
        "support_options": null,
        "why": null,
        "verified": false,
        "verified_date": null,
        "osm_tags": {
          "fee": "no",
          "name": "Royal College of Music Museum",
          "tourism": "museum"
        }
      }
    },
    {
      "type": "Feature",
      "geometry": {
        "type": "Point",
        "coordinates": [
          -0.153359,
          51.516515
        ]
      },
      "properties": {
        "id": "osm:node/1266124468",
        "name": "Ratiu Foundation",
        "payment_to_enter": null,
        "payment_to_sit": null,
        "time_pressure": null,
        "conversation": null,
        "activity": null,
        "seating": null,
        "setting": "indoor",
        "support_options": null,
        "why": null,
        "verified": false,
        "verified_date": null,
        "osm_tags": {
          "amenity": "arts_centre",
          "name": "Ratiu Foundation"
        }
      }
    },
    {
      "type": "Feature",
      "geometry": {
        "type": "Point",
        "coordinates": [
          -0.142551,
          51.499828
        ]
      },
      "properties": {
        "id": "osm:node/1289223308",
        "name": "The King's Gallery",
        "payment_to_enter": "required",
        "payment_to_sit": null,
        "time_pressure": null,
        "conversation": null,
        "activity": null,
        "seating": null,
        "setting": "indoor",
        "support_options": null,
        "why": null,
        "verified": false,
        "verified_date": null,
        "osm_tags": {
          "fee": "yes",
          "name": "The King's Gallery",
          "outdoor_seating": "no",
          "tourism": "museum",
          "wheelchair": "yes"
        }
      }
    },
    {
      "type": "Feature",
      "geometry": {
        "type": "Point",
        "coordinates": [
          -0.108824,
          51.500929
        ]
      },
      "properties": {
        "id": "osm:node/13003780101",
        "name": "BOST Living Space",
        "payment_to_enter": null,
        "payment_to_sit": null,
        "time_pressure": null,
        "conversation": null,
        "activity": null,
        "seating": null,
        "setting": "indoor",
        "support_options": null,
        "why": null,
        "verified": false,
        "verified_date": null,
        "osm_tags": {
          "amenity": "community_centre",
          "name": "BOST Living Space",
          "operator": "Bankside Open Spaces Trust"
        }
      }
    },
    {
      "type": "Feature",
      "geometry": {
        "type": "Point",
        "coordinates": [
          -0.111726,
          51.518641
        ]
      },
      "properties": {
        "id": "osm:node/13056036123",
        "name": "XYZ",
        "payment_to_enter": null,
        "payment_to_sit": null,
        "time_pressure": null,
        "conversation": null,
        "activity": null,
        "seating": null,
        "setting": "indoor",
        "support_options": null,
        "why": null,
        "verified": false,
        "verified_date": null,
        "osm_tags": {
          "amenity": "community_centre",
          "name": "XYZ"
        }
      }
    },
    {
      "type": "Feature",
      "geometry": {
        "type": "Point",
        "coordinates": [
          -0.088397,
          51.523015
        ]
      },
      "properties": {
        "id": "osm:node/13092342387",
        "name": "Honourable Artillery Company Museum",
        "payment_to_enter": null,
        "payment_to_sit": null,
        "time_pressure": null,
        "conversation": null,
        "activity": null,
        "seating": null,
        "setting": "indoor",
        "support_options": null,
        "why": null,
        "verified": false,
        "verified_date": null,
        "osm_tags": {
          "access": "private",
          "name": "Honourable Artillery Company Museum",
          "tourism": "museum"
        }
      }
    },
    {
      "type": "Feature",
      "geometry": {
        "type": "Point",
        "coordinates": [
          -0.1276,
          51.516486
        ]
      },
      "properties": {
        "id": "osm:node/13149754818",
        "name": "Premier",
        "payment_to_enter": null,
        "payment_to_sit": null,
        "time_pressure": null,
        "conversation": null,
        "activity": null,
        "seating": null,
        "setting": "indoor",
        "support_options": null,
        "why": null,
        "verified": false,
        "verified_date": null,
        "osm_tags": {
          "amenity": "arts_centre",
          "name": "Premier"
        }
      }
    },
    {
      "type": "Feature",
      "geometry": {
        "type": "Point",
        "coordinates": [
          -0.130948,
          51.531044
        ]
      },
      "properties": {
        "id": "osm:node/13153838246",
        "name": "People's Museum Somers Town",
        "payment_to_enter": "none",
        "payment_to_sit": null,
        "time_pressure": null,
        "conversation": null,
        "activity": null,
        "seating": null,
        "setting": "indoor",
        "support_options": null,
        "why": null,
        "verified": false,
        "verified_date": null,
        "osm_tags": {
          "fee": "no",
          "name": "People's Museum Somers Town",
          "opening_hours": "Tu-Fr 09:00-16:00; Sa 11:00-14:00",
          "operator": "Community Led",
          "tourism": "museum"
        }
      }
    },
    {
      "type": "Feature",
      "geometry": {
        "type": "Point",
        "coordinates": [
          -0.119785,
          51.517781
        ]
      },
      "properties": {
        "id": "osm:node/13227941511",
        "name": "Palestine House",
        "payment_to_enter": null,
        "payment_to_sit": null,
        "time_pressure": null,
        "conversation": null,
        "activity": null,
        "seating": null,
        "setting": "indoor",
        "support_options": null,
        "why": null,
        "verified": false,
        "verified_date": null,
        "osm_tags": {
          "amenity": "community_centre",
          "name": "Palestine House"
        }
      }
    },
    {
      "type": "Feature",
      "geometry": {
        "type": "Point",
        "coordinates": [
          -0.159238,
          51.5135
        ]
      },
      "properties": {
        "id": "osm:node/13256051041",
        "name": "Moco Museum",
        "payment_to_enter": "required",
        "payment_to_sit": null,
        "time_pressure": null,
        "conversation": null,
        "activity": null,
        "seating": null,
        "setting": "indoor",
        "support_options": null,
        "why": null,
        "verified": false,
        "verified_date": null,
        "osm_tags": {
          "fee": "yes",
          "name": "Moco Museum",
          "opening_hours": "Su-Th 10:00-19:00; Fr-Sa 10:00-20:00",
          "toilets": "yes",
          "tourism": "museum",
          "wheelchair": "yes"
        }
      }
    },
    {
      "type": "Feature",
      "geometry": {
        "type": "Point",
        "coordinates": [
          -0.103069,
          51.506192
        ]
      },
      "properties": {
        "id": "osm:node/13261198401",
        "name": "MathsWorld",
        "payment_to_enter": null,
        "payment_to_sit": null,
        "time_pressure": null,
        "conversation": null,
        "activity": null,
        "seating": null,
        "setting": "indoor",
        "support_options": null,
        "why": null,
        "verified": false,
        "verified_date": null,
        "osm_tags": {
          "name": "MathsWorld",
          "opening_hours": "Tu-Fr 10:00-16:00; Sa-Su 10:00-17:00",
          "tourism": "museum"
        }
      }
    },
    {
      "type": "Feature",
      "geometry": {
        "type": "Point",
        "coordinates": [
          -0.124263,
          51.498647
        ]
      },
      "properties": {
        "id": "osm:node/13288027765",
        "name": "House of Lords Library",
        "payment_to_enter": null,
        "payment_to_sit": null,
        "time_pressure": null,
        "conversation": null,
        "activity": null,
        "seating": null,
        "setting": "indoor",
        "support_options": null,
        "why": null,
        "verified": false,
        "verified_date": null,
        "osm_tags": {
          "access": "private",
          "amenity": "library",
          "name": "House of Lords Library"
        }
      }
    },
    {
      "type": "Feature",
      "geometry": {
        "type": "Point",
        "coordinates": [
          -0.123999,
          51.499981
        ]
      },
      "properties": {
        "id": "osm:node/13288027766",
        "name": "Commons Library",
        "payment_to_enter": null,
        "payment_to_sit": null,
        "time_pressure": null,
        "conversation": null,
        "activity": null,
        "seating": null,
        "setting": "indoor",
        "support_options": null,
        "why": null,
        "verified": false,
        "verified_date": null,
        "osm_tags": {
          "access": "private",
          "amenity": "library",
          "name": "Commons Library"
        }
      }
    },
    {
      "type": "Feature",
      "geometry": {
        "type": "Point",
        "coordinates": [
          -0.114921,
          51.511451
        ]
      },
      "properties": {
        "id": "osm:node/13319613901",
        "name": "180 Studios",
        "payment_to_enter": null,
        "payment_to_sit": null,
        "time_pressure": null,
        "conversation": null,
        "activity": null,
        "seating": null,
        "setting": "indoor",
        "support_options": null,
        "why": null,
        "verified": false,
        "verified_date": null,
        "osm_tags": {
          "amenity": "arts_centre",
          "internet_access": "wlan",
          "name": "180 Studios"
        }
      }
    },
    {
      "type": "Feature",
      "geometry": {
        "type": "Point",
        "coordinates": [
          -0.149134,
          51.509901
        ]
      },
      "properties": {
        "id": "osm:node/13409268100",
        "name": "Heythrop Library",
        "payment_to_enter": null,
        "payment_to_sit": null,
        "time_pressure": null,
        "conversation": null,
        "activity": null,
        "seating": null,
        "setting": "indoor",
        "support_options": null,
        "why": null,
        "verified": false,
        "verified_date": null,
        "osm_tags": {
          "amenity": "library",
          "name": "Heythrop Library"
        }
      }
    },
    {
      "type": "Feature",
      "geometry": {
        "type": "Point",
        "coordinates": [
          -0.114945,
          51.506425
        ]
      },
      "properties": {
        "id": "osm:node/13566385967",
        "name": "BFI Reuben Library",
        "payment_to_enter": null,
        "payment_to_sit": null,
        "time_pressure": null,
        "conversation": null,
        "activity": null,
        "seating": null,
        "setting": "indoor",
        "support_options": null,
        "why": null,
        "verified": false,
        "verified_date": null,
        "osm_tags": {
          "amenity": "library",
          "name": "BFI Reuben Library",
          "opening_hours": "Mo,Su,PH off; Tu-Sa 11:00-19:00",
          "operator": "British Film Institute",
          "wheelchair": "yes"
        }
      }
    },
    {
      "type": "Feature",
      "geometry": {
        "type": "Point",
        "coordinates": [
          -0.115181,
          51.506532
        ]
      },
      "properties": {
        "id": "osm:node/13566385968",
        "name": "BFI Mediatheque",
        "payment_to_enter": null,
        "payment_to_sit": null,
        "time_pressure": null,
        "conversation": null,
        "activity": null,
        "seating": null,
        "setting": "indoor",
        "support_options": null,
        "why": null,
        "verified": false,
        "verified_date": null,
        "osm_tags": {
          "access": "yes",
          "amenity": "library",
          "name": "BFI Mediatheque",
          "opening_hours": "Mo off; Tu-Su,PH 11:00-21:00",
          "wheelchair": "yes"
        }
      }
    },
    {
      "type": "Feature",
      "geometry": {
        "type": "Point",
        "coordinates": [
          -0.107645,
          51.528594
        ]
      },
      "properties": {
        "id": "osm:node/13583467062",
        "name": "Quentin Blake Centre for Illustration",
        "payment_to_enter": null,
        "payment_to_sit": null,
        "time_pressure": null,
        "conversation": null,
        "activity": null,
        "seating": null,
        "setting": "indoor",
        "support_options": null,
        "why": null,
        "verified": false,
        "verified_date": null,
        "osm_tags": {
          "name": "Quentin Blake Centre for Illustration",
          "tourism": "museum"
        }
      }
    },
    {
      "type": "Feature",
      "geometry": {
        "type": "Point",
        "coordinates": [
          -0.122517,
          51.516661
        ]
      },
      "properties": {
        "id": "osm:node/13706419381",
        "name": "Dragon Hall",
        "payment_to_enter": null,
        "payment_to_sit": null,
        "time_pressure": null,
        "conversation": null,
        "activity": null,
        "seating": null,
        "setting": "indoor",
        "support_options": null,
        "why": null,
        "verified": false,
        "verified_date": null,
        "osm_tags": {
          "amenity": "community_centre",
          "name": "Dragon Hall"
        }
      }
    },
    {
      "type": "Feature",
      "geometry": {
        "type": "Point",
        "coordinates": [
          -0.115614,
          51.521076
        ]
      },
      "properties": {
        "id": "osm:node/13799212",
        "name": "Holborn Library",
        "payment_to_enter": null,
        "payment_to_sit": null,
        "time_pressure": null,
        "conversation": null,
        "activity": null,
        "seating": null,
        "setting": "indoor",
        "support_options": null,
        "why": null,
        "verified": false,
        "verified_date": null,
        "osm_tags": {
          "amenity": "library",
          "name": "Holborn Library",
          "opening_hours": "Mo-Th 10:00-19:00, Fr 10:00-17:00, Sa 11:00-17:00",
          "wheelchair": "yes"
        }
      }
    },
    {
      "type": "Feature",
      "geometry": {
        "type": "Point",
        "coordinates": [
          -0.155863,
          51.517569
        ]
      },
      "properties": {
        "id": "osm:node/13883422501",
        "name": "Potato Pottery",
        "payment_to_enter": null,
        "payment_to_sit": null,
        "time_pressure": null,
        "conversation": null,
        "activity": null,
        "seating": null,
        "setting": "indoor",
        "support_options": null,
        "why": null,
        "verified": false,
        "verified_date": null,
        "osm_tags": {
          "amenity": "arts_centre",
          "name": "Potato Pottery"
        }
      }
    },
    {
      "type": "Feature",
      "geometry": {
        "type": "Point",
        "coordinates": [
          -0.095628,
          51.502664
        ]
      },
      "properties": {
        "id": "osm:node/13883422601",
        "name": "MYO Creative Studio",
        "payment_to_enter": null,
        "payment_to_sit": null,
        "time_pressure": null,
        "conversation": null,
        "activity": null,
        "seating": null,
        "setting": "indoor",
        "support_options": null,
        "why": null,
        "verified": false,
        "verified_date": null,
        "osm_tags": {
          "amenity": "arts_centre",
          "name": "MYO Creative Studio"
        }
      }
    },
    {
      "type": "Feature",
      "geometry": {
        "type": "Point",
        "coordinates": [
          -0.075258,
          51.508224
        ]
      },
      "properties": {
        "id": "osm:node/13958592487",
        "name": "Fusiliers Museum",
        "payment_to_enter": null,
        "payment_to_sit": null,
        "time_pressure": null,
        "conversation": null,
        "activity": null,
        "seating": null,
        "setting": "indoor",
        "support_options": null,
        "why": null,
        "verified": false,
        "verified_date": null,
        "osm_tags": {
          "name": "Fusiliers Museum",
          "tourism": "museum"
        }
      }
    },
    {
      "type": "Feature",
      "geometry": {
        "type": "Point",
        "coordinates": [
          -0.088261,
          51.503388
        ]
      },
      "properties": {
        "id": "osm:node/13965407358",
        "name": "New Hunt's House Library",
        "payment_to_enter": null,
        "payment_to_sit": null,
        "time_pressure": null,
        "conversation": null,
        "activity": null,
        "seating": null,
        "setting": "indoor",
        "support_options": null,
        "why": null,
        "verified": false,
        "verified_date": null,
        "osm_tags": {
          "access": "private",
          "amenity": "library",
          "name": "New Hunt's House Library"
        }
      }
    },
    {
      "type": "Feature",
      "geometry": {
        "type": "Point",
        "coordinates": [
          -0.141944,
          51.517426
        ]
      },
      "properties": {
        "id": "osm:node/13991019801",
        "name": "Ibraaz",
        "payment_to_enter": null,
        "payment_to_sit": null,
        "time_pressure": null,
        "conversation": null,
        "activity": null,
        "seating": null,
        "setting": "indoor",
        "support_options": null,
        "why": null,
        "verified": false,
        "verified_date": null,
        "osm_tags": {
          "amenity": "arts_centre",
          "name": "Ibraaz"
        }
      }
    },
    {
      "type": "Feature",
      "geometry": {
        "type": "Point",
        "coordinates": [
          -0.161798,
          51.521626
        ]
      },
      "properties": {
        "id": "osm:node/14031072001",
        "name": "Bomb Factory Art Foundation",
        "payment_to_enter": null,
        "payment_to_sit": null,
        "time_pressure": null,
        "conversation": null,
        "activity": null,
        "seating": null,
        "setting": "indoor",
        "support_options": null,
        "why": null,
        "verified": false,
        "verified_date": null,
        "osm_tags": {
          "amenity": "arts_centre",
          "name": "Bomb Factory Art Foundation"
        }
      }
    },
    {
      "type": "Feature",
      "geometry": {
        "type": "Point",
        "coordinates": [
          -0.145884,
          51.512942
        ]
      },
      "properties": {
        "id": "osm:node/1493424622",
        "name": "Handel & Hendrix",
        "payment_to_enter": "required",
        "payment_to_sit": null,
        "time_pressure": null,
        "conversation": null,
        "activity": null,
        "seating": null,
        "setting": "indoor",
        "support_options": null,
        "why": null,
        "verified": false,
        "verified_date": null,
        "osm_tags": {
          "fee": "yes",
          "name": "Handel & Hendrix",
          "tourism": "museum"
        }
      }
    },
    {
      "type": "Feature",
      "geometry": {
        "type": "Point",
        "coordinates": [
          -0.104506,
          51.526241
        ]
      },
      "properties": {
        "id": "osm:node/1588957562",
        "name": "Islington Local History Centre",
        "payment_to_enter": null,
        "payment_to_sit": null,
        "time_pressure": null,
        "conversation": null,
        "activity": null,
        "seating": null,
        "setting": "indoor",
        "support_options": null,
        "why": null,
        "verified": false,
        "verified_date": null,
        "osm_tags": {
          "amenity": "library",
          "name": "Islington Local History Centre",
          "opening_hours": "Mo,Th 09:30-13:00,14:00-20:00; Tu-Sa 09:30-13:00,14:00-17:00; We off",
          "operator": "Islington Council",
          "wheelchair": "yes"
        }
      }
    },
    {
      "type": "Feature",
      "geometry": {
        "type": "Point",
        "coordinates": [
          -0.1045,
          51.52649
        ]
      },
      "properties": {
        "id": "osm:node/1588957563",
        "name": "Islington Museum",
        "payment_to_enter": "none",
        "payment_to_sit": null,
        "time_pressure": null,
        "conversation": null,
        "activity": null,
        "seating": null,
        "setting": "indoor",
        "support_options": null,
        "why": null,
        "verified": false,
        "verified_date": null,
        "osm_tags": {
          "fee": "no",
          "name": "Islington Museum",
          "operator": "Islington Council",
          "tourism": "museum",
          "wheelchair": "yes"
        }
      }
    },
    {
      "type": "Feature",
      "geometry": {
        "type": "Point",
        "coordinates": [
          -0.101539,
          51.526074
        ]
      },
      "properties": {
        "id": "osm:node/1646172578",
        "name": "Tompion Community Hall",
        "payment_to_enter": null,
        "payment_to_sit": null,
        "time_pressure": null,
        "conversation": null,
        "activity": null,
        "seating": null,
        "setting": "indoor",
        "support_options": null,
        "why": null,
        "verified": false,
        "verified_date": null,
        "osm_tags": {
          "amenity": "community_centre",
          "name": "Tompion Community Hall"
        }
      }
    },
    {
      "type": "Feature",
      "geometry": {
        "type": "Point",
        "coordinates": [
          -0.102556,
          51.522006
        ]
      },
      "properties": {
        "id": "osm:node/1686474834",
        "name": "Museum of the Order of St John",
        "payment_to_enter": "optional",
        "payment_to_sit": null,
        "time_pressure": null,
        "conversation": null,
        "activity": null,
        "seating": null,
        "setting": "indoor",
        "support_options": [
          "donation"
        ],
        "why": null,
        "verified": false,
        "verified_date": null,
        "osm_tags": {
          "fee": "donation",
          "name": "Museum of the Order of St John",
          "opening_hours": "We-Sa 10:00-17:00",
          "operator": "Order of St John",
          "tourism": "museum",
          "wheelchair": "limited"
        }
      }
    },
    {
      "type": "Feature",
      "geometry": {
        "type": "Point",
        "coordinates": [
          -0.128733,
          51.521796
        ]
      },
      "properties": {
        "id": "osm:node/1731830617",
        "name": "SOAS Gallery",
        "payment_to_enter": "none",
        "payment_to_sit": null,
        "time_pressure": null,
        "conversation": null,
        "activity": null,
        "seating": null,
        "setting": "indoor",
        "support_options": null,
        "why": null,
        "verified": false,
        "verified_date": null,
        "osm_tags": {
          "fee": "no",
          "name": "SOAS Gallery",
          "opening_hours": "Tu-Sa 10:30-17:00; Th 10:30-20:00",
          "operator": "SOAS",
          "tourism": "museum"
        }
      }
    },
    {
      "type": "Feature",
      "geometry": {
        "type": "Point",
        "coordinates": [
          -0.101786,
          51.526719
        ]
      },
      "properties": {
        "id": "osm:node/1861526860",
        "name": "Brunswick Close TMO Community Hall",
        "payment_to_enter": null,
        "payment_to_sit": null,
        "time_pressure": null,
        "conversation": null,
        "activity": null,
        "seating": null,
        "setting": "indoor",
        "support_options": null,
        "why": null,
        "verified": false,
        "verified_date": null,
        "osm_tags": {
          "amenity": "community_centre",
          "name": "Brunswick Close TMO Community Hall"
        }
      }
    },
    {
      "type": "Feature",
      "geometry": {
        "type": "Point",
        "coordinates": [
          -0.158021,
          51.50453
        ]
      },
      "properties": {
        "id": "osm:node/1982055860",
        "name": "Nannies' Lawn",
        "payment_to_enter": null,
        "payment_to_sit": null,
        "time_pressure": null,
        "conversation": null,
        "activity": null,
        "seating": null,
        "setting": "outdoor",
        "support_options": null,
        "why": null,
        "verified": false,
        "verified_date": null,
        "osm_tags": {
          "leisure": "garden",
          "name": "Nannies' Lawn"
        }
      }
    },
    {
      "type": "Feature",
      "geometry": {
        "type": "Point",
        "coordinates": [
          -0.166281,
          51.510774
        ]
      },
      "properties": {
        "id": "osm:node/1982085230",
        "name": "The Meadow",
        "payment_to_enter": null,
        "payment_to_sit": null,
        "time_pressure": null,
        "conversation": null,
        "activity": null,
        "seating": null,
        "setting": "outdoor",
        "support_options": null,
        "why": null,
        "verified": false,
        "verified_date": null,
        "osm_tags": {
          "leisure": "garden",
          "name": "The Meadow"
        }
      }
    },
    {
      "type": "Feature",
      "geometry": {
        "type": "Point",
        "coordinates": [
          -0.158997,
          51.50821
        ]
      },
      "properties": {
        "id": "osm:node/1982085234",
        "name": "The Parade Ground",
        "payment_to_enter": null,
        "payment_to_sit": null,
        "time_pressure": null,
        "conversation": null,
        "activity": null,
        "seating": null,
        "setting": "outdoor",
        "support_options": null,
        "why": null,
        "verified": false,
        "verified_date": null,
        "osm_tags": {
          "leisure": "garden",
          "name": "The Parade Ground"
        }
      }
    },
    {
      "type": "Feature",
      "geometry": {
        "type": "Point",
        "coordinates": [
          -0.094169,
          51.519927
        ]
      },
      "properties": {
        "id": "osm:node/2018778545",
        "name": "Barbican Library",
        "payment_to_enter": null,
        "payment_to_sit": null,
        "time_pressure": null,
        "conversation": null,
        "activity": null,
        "seating": null,
        "setting": "indoor",
        "support_options": null,
        "why": null,
        "verified": false,
        "verified_date": null,
        "osm_tags": {
          "amenity": "library",
          "internet_access": "wlan",
          "name": "Barbican Library",
          "operator": "City of London Corporation"
        }
      }
    },
    {
      "type": "Feature",
      "geometry": {
        "type": "Point",
        "coordinates": [
          -0.168874,
          51.506641
        ]
      },
      "properties": {
        "id": "osm:node/207513563",
        "name": "The Cockpit",
        "payment_to_enter": null,
        "payment_to_sit": null,
        "time_pressure": null,
        "conversation": null,
        "activity": null,
        "seating": null,
        "setting": "outdoor",
        "support_options": null,
        "why": null,
        "verified": false,
        "verified_date": null,
        "osm_tags": {
          "leisure": "garden",
          "name": "The Cockpit"
        }
      }
    },
    {
      "type": "Feature",
      "geometry": {
        "type": "Point",
        "coordinates": [
          -0.07779,
          51.520943
        ]
      },
      "properties": {
        "id": "osm:node/2244751330",
        "name": "Dennis Severs' House",
        "payment_to_enter": "required",
        "payment_to_sit": null,
        "time_pressure": null,
        "conversation": null,
        "activity": null,
        "seating": null,
        "setting": "indoor",
        "support_options": null,
        "why": null,
        "verified": false,
        "verified_date": null,
        "osm_tags": {
          "fee": "yes",
          "name": "Dennis Severs' House",
          "opening_hours": "Th 18:00-22:00; Fr 16:00-21:00; Sa,Su 12:00-22:00; Sep 29-Oct 29 We 12:00-17:00; Mo-Tu off",
          "tourism": "museum",
          "wheelchair": "no"
        }
      }
    },
    {
      "type": "Feature",
      "geometry": {
        "type": "Point",
        "coordinates": [
          -0.091729,
          51.501727
        ]
      },
      "properties": {
        "id": "osm:node/2318108156",
        "name": "Local History Library",
        "payment_to_enter": null,
        "payment_to_sit": null,
        "time_pressure": null,
        "conversation": null,
        "activity": null,
        "seating": null,
        "setting": "indoor",
        "support_options": null,
        "why": null,
        "verified": false,
        "verified_date": null,
        "osm_tags": {
          "amenity": "library",
          "name": "Local History Library"
        }
      }
    },
    {
      "type": "Feature",
      "geometry": {
        "type": "Point",
        "coordinates": [
          -0.134695,
          51.49443
        ]
      },
      "properties": {
        "id": "osm:node/2324932999",
        "name": "RHS Lindley Library",
        "payment_to_enter": null,
        "payment_to_sit": null,
        "time_pressure": null,
        "conversation": null,
        "activity": null,
        "seating": null,
        "setting": "indoor",
        "support_options": null,
        "why": null,
        "verified": false,
        "verified_date": null,
        "osm_tags": {
          "amenity": "library",
          "name": "RHS Lindley Library"
        }
      }
    },
    {
      "type": "Feature",
      "geometry": {
        "type": "Point",
        "coordinates": [
          -0.137742,
          51.534345
        ]
      },
      "properties": {
        "id": "osm:node/2345394803",
        "name": "Camden Town Library",
        "payment_to_enter": null,
        "payment_to_sit": null,
        "time_pressure": null,
        "conversation": null,
        "activity": null,
        "seating": null,
        "setting": "indoor",
        "support_options": null,
        "why": null,
        "verified": false,
        "verified_date": null,
        "osm_tags": {
          "amenity": "library",
          "name": "Camden Town Library",
          "opening_hours": "Mo-Th 10:00-18:00; Fr-Sa 11:00-17:00"
        }
      }
    },
    {
      "type": "Feature",
      "geometry": {
        "type": "Point",
        "coordinates": [
          -0.189581,
          51.518464
        ]
      },
      "properties": {
        "id": "osm:node/255468494",
        "name": "Paddington Children’s Library",
        "payment_to_enter": null,
        "payment_to_sit": null,
        "time_pressure": null,
        "conversation": null,
        "activity": null,
        "seating": null,
        "setting": "indoor",
        "support_options": null,
        "why": null,
        "verified": false,
        "verified_date": null,
        "osm_tags": {
          "amenity": "library",
          "name": "Paddington Children’s Library",
          "opening_hours": "Mo-Fr 10:30-05:30; Sa 10:30-05:00"
        }
      }
    },
    {
      "type": "Feature",
      "geometry": {
        "type": "Point",
        "coordinates": [
          -0.12813,
          51.529598
        ]
      },
      "properties": {
        "id": "osm:node/2617232245",
        "name": "British Library Exhibition Space",
        "payment_to_enter": "required",
        "payment_to_sit": null,
        "time_pressure": null,
        "conversation": null,
        "activity": null,
        "seating": null,
        "setting": "indoor",
        "support_options": null,
        "why": null,
        "verified": false,
        "verified_date": null,
        "osm_tags": {
          "fee": "yes",
          "name": "British Library Exhibition Space",
          "opening_hours": "Jan-Dec: Mo, We-Fr 10:00-18:00; Jan-Dec: Tu 10:00-20:00; Sa 11:00-17:00; Su, PH off",
          "tourism": "museum",
          "wheelchair": "no"
        }
      }
    },
    {
      "type": "Feature",
      "geometry": {
        "type": "Point",
        "coordinates": [
          -0.13402,
          51.525974
        ]
      },
      "properties": {
        "id": "osm:node/2617821322",
        "name": "Wellcome Collection",
        "payment_to_enter": "none",
        "payment_to_sit": null,
        "time_pressure": null,
        "conversation": null,
        "activity": null,
        "seating": null,
        "setting": "indoor",
        "support_options": null,
        "why": null,
        "verified": false,
        "verified_date": null,
        "osm_tags": {
          "fee": "no",
          "name": "Wellcome Collection",
          "opening_hours": "Tu-We,Fr-Su 10:00-18:00; Th 10:00-20:00",
          "tourism": "museum",
          "wheelchair": "yes"
        }
      }
    },
    {
      "type": "Feature",
      "geometry": {
        "type": "Point",
        "coordinates": [
          -0.139115,
          51.522523
        ]
      },
      "properties": {
        "id": "osm:node/2622783204",
        "name": "Fitzroy House",
        "payment_to_enter": "none",
        "payment_to_sit": null,
        "time_pressure": null,
        "conversation": null,
        "activity": null,
        "seating": null,
        "setting": "indoor",
        "support_options": null,
        "why": null,
        "verified": false,
        "verified_date": null,
        "osm_tags": {
          "fee": "no",
          "name": "Fitzroy House",
          "opening_hours": "\"by appointment\"",
          "operator": "Church of Scientology",
          "tourism": "museum"
        }
      }
    },
    {
      "type": "Feature",
      "geometry": {
        "type": "Point",
        "coordinates": [
          -0.092598,
          51.516176
        ]
      },
      "properties": {
        "id": "osm:node/2672118121",
        "name": "Guildhall Library",
        "payment_to_enter": null,
        "payment_to_sit": null,
        "time_pressure": null,
        "conversation": null,
        "activity": null,
        "seating": null,
        "setting": "indoor",
        "support_options": null,
        "why": null,
        "verified": false,
        "verified_date": null,
        "osm_tags": {
          "amenity": "library",
          "name": "Guildhall Library",
          "operator": "City of London Corporation"
        }
      }
    },
    {
      "type": "Feature",
      "geometry": {
        "type": "Point",
        "coordinates": [
          -0.137889,
          51.487979
        ]
      },
      "properties": {
        "id": "osm:node/275402349",
        "name": "Pimlico Library",
        "payment_to_enter": null,
        "payment_to_sit": null,
        "time_pressure": null,
        "conversation": null,
        "activity": null,
        "seating": null,
        "setting": "indoor",
        "support_options": null,
        "why": null,
        "verified": false,
        "verified_date": null,
        "osm_tags": {
          "amenity": "library",
          "name": "Pimlico Library"
        }
      }
    },
    {
      "type": "Feature",
      "geometry": {
        "type": "Point",
        "coordinates": [
          -0.140356,
          51.525814
        ]
      },
      "properties": {
        "id": "osm:node/2972228375",
        "name": "diorama",
        "payment_to_enter": null,
        "payment_to_sit": null,
        "time_pressure": null,
        "conversation": null,
        "activity": null,
        "seating": null,
        "setting": "indoor",
        "support_options": null,
        "why": null,
        "verified": false,
        "verified_date": null,
        "osm_tags": {
          "amenity": "arts_centre",
          "name": "diorama"
        }
      }
    },
    {
      "type": "Feature",
      "geometry": {
        "type": "Point",
        "coordinates": [
          -0.133966,
          51.525977
        ]
      },
      "properties": {
        "id": "osm:node/2982634154",
        "name": "The Wellcome Library",
        "payment_to_enter": null,
        "payment_to_sit": null,
        "time_pressure": null,
        "conversation": null,
        "activity": null,
        "seating": null,
        "setting": "indoor",
        "support_options": null,
        "why": null,
        "verified": false,
        "verified_date": null,
        "osm_tags": {
          "amenity": "library",
          "internet_access": "wlan",
          "name": "The Wellcome Library",
          "wheelchair": "yes"
        }
      }
    },
    {
      "type": "Feature",
      "geometry": {
        "type": "Point",
        "coordinates": [
          -0.188297,
          51.490037
        ]
      },
      "properties": {
        "id": "osm:node/300425890",
        "name": "Brompton Library",
        "payment_to_enter": null,
        "payment_to_sit": null,
        "time_pressure": null,
        "conversation": null,
        "activity": null,
        "seating": null,
        "setting": "indoor",
        "support_options": null,
        "why": null,
        "verified": false,
        "verified_date": null,
        "osm_tags": {
          "amenity": "library",
          "name": "Brompton Library",
          "opening_hours": "Mo,Tu,Th 09:30-20:00; We 10:00-17:00; Fr,Sa 09:30-17:00; Su off"
        }
      }
    },
    {
      "type": "Feature",
      "geometry": {
        "type": "Point",
        "coordinates": [
          -0.105654,
          51.49888
        ]
      },
      "properties": {
        "id": "osm:node/3217417461",
        "name": "multi purpose resource centre",
        "payment_to_enter": null,
        "payment_to_sit": null,
        "time_pressure": null,
        "conversation": null,
        "activity": null,
        "seating": null,
        "setting": "indoor",
        "support_options": null,
        "why": null,
        "verified": false,
        "verified_date": null,
        "osm_tags": {
          "amenity": "community_centre",
          "name": "multi purpose resource centre",
          "wheelchair": "no"
        }
      }
    },
    {
      "type": "Feature",
      "geometry": {
        "type": "Point",
        "coordinates": [
          -0.105199,
          51.513446
        ]
      },
      "properties": {
        "id": "osm:node/3239271376",
        "name": "St Bride Library",
        "payment_to_enter": null,
        "payment_to_sit": null,
        "time_pressure": null,
        "conversation": null,
        "activity": null,
        "seating": null,
        "setting": "indoor",
        "support_options": null,
        "why": null,
        "verified": false,
        "verified_date": null,
        "osm_tags": {
          "amenity": "library",
          "name": "St Bride Library",
          "operator": "St Bride Foundation"
        }
      }
    },
    {
      "type": "Feature",
      "geometry": {
        "type": "Point",
        "coordinates": [
          -0.09779,
          51.506054
        ]
      },
      "properties": {
        "id": "osm:node/3248942232",
        "name": "Bankside Community Space",
        "payment_to_enter": null,
        "payment_to_sit": null,
        "time_pressure": null,
        "conversation": null,
        "activity": null,
        "seating": null,
        "setting": "indoor",
        "support_options": null,
        "why": null,
        "verified": false,
        "verified_date": null,
        "osm_tags": {
          "amenity": "community_centre",
          "name": "Bankside Community Space",
          "opening_hours": "Mo-Su 08:00-22:00",
          "operator": "Better Bankside"
        }
      }
    },
    {
      "type": "Feature",
      "geometry": {
        "type": "Point",
        "coordinates": [
          -0.116323,
          51.523594
        ]
      },
      "properties": {
        "id": "osm:node/334631276",
        "name": "Charles Dickens Museum",
        "payment_to_enter": "required",
        "payment_to_sit": null,
        "time_pressure": null,
        "conversation": null,
        "activity": null,
        "seating": null,
        "setting": "indoor",
        "support_options": null,
        "why": null,
        "verified": false,
        "verified_date": null,
        "osm_tags": {
          "fee": "yes",
          "name": "Charles Dickens Museum",
          "opening_hours": "We-Su 10:00-16:00",
          "tourism": "museum",
          "wheelchair": "yes"
        }
      }
    },
    {
      "type": "Feature",
      "geometry": {
        "type": "Point",
        "coordinates": [
          -0.11587,
          51.515283
        ]
      },
      "properties": {
        "id": "osm:node/3349882188",
        "name": "Hunterian Museum",
        "payment_to_enter": "none",
        "payment_to_sit": null,
        "time_pressure": null,
        "conversation": null,
        "activity": null,
        "seating": null,
        "setting": "indoor",
        "support_options": null,
        "why": null,
        "verified": false,
        "verified_date": null,
        "osm_tags": {
          "fee": "no",
          "name": "Hunterian Museum",
          "opening_hours": "Tu-Sa 10:00-17:00",
          "tourism": "museum"
        }
      }
    },
    {
      "type": "Feature",
      "geometry": {
        "type": "Point",
        "coordinates": [
          -0.163914,
          51.499675
        ]
      },
      "properties": {
        "id": "osm:node/3357928873",
        "name": "Paradox Museum",
        "payment_to_enter": "required",
        "payment_to_sit": null,
        "time_pressure": null,
        "conversation": null,
        "activity": null,
        "seating": null,
        "setting": "indoor",
        "support_options": null,
        "why": null,
        "verified": false,
        "verified_date": null,
        "osm_tags": {
          "fee": "yes",
          "name": "Paradox Museum",
          "opening_hours": "Mo-Th 10:00-17:30; Fr 10:00-19:00; Sa 09:30-19:30; Su 09:30-18:00",
          "tourism": "museum",
          "wheelchair": "limited"
        }
      }
    },
    {
      "type": "Feature",
      "geometry": {
        "type": "Point",
        "coordinates": [
          -0.106478,
          51.515466
        ]
      },
      "properties": {
        "id": "osm:node/350370447",
        "name": "Shoe Lane Library",
        "payment_to_enter": null,
        "payment_to_sit": null,
        "time_pressure": null,
        "conversation": null,
        "activity": null,
        "seating": null,
        "setting": "indoor",
        "support_options": null,
        "why": null,
        "verified": false,
        "verified_date": null,
        "osm_tags": {
          "amenity": "library",
          "name": "Shoe Lane Library",
          "opening_hours": "Mo,We-Fr 09:30-17:30, Tu 09:30-18:30"
        }
      }
    },
    {
      "type": "Feature",
      "geometry": {
        "type": "Point",
        "coordinates": [
          -0.126657,
          51.533856
        ]
      },
      "properties": {
        "id": "osm:node/3823164826",
        "name": "Pancras Square Library",
        "payment_to_enter": null,
        "payment_to_sit": null,
        "time_pressure": null,
        "conversation": null,
        "activity": null,
        "seating": null,
        "setting": "indoor",
        "support_options": null,
        "why": null,
        "verified": false,
        "verified_date": null,
        "osm_tags": {
          "amenity": "library",
          "name": "Pancras Square Library",
          "operator": "London Borough of Camden",
          "wheelchair": "yes"
        }
      }
    },
    {
      "type": "Feature",
      "geometry": {
        "type": "Point",
        "coordinates": [
          -0.158474,
          51.523763
        ]
      },
      "properties": {
        "id": "osm:node/3916613190",
        "name": "Sherlock Holmes Museum",
        "payment_to_enter": "required",
        "payment_to_sit": null,
        "time_pressure": null,
        "conversation": null,
        "activity": null,
        "seating": null,
        "setting": "indoor",
        "support_options": null,
        "why": null,
        "verified": false,
        "verified_date": null,
        "osm_tags": {
          "fee": "yes",
          "name": "Sherlock Holmes Museum",
          "opening_hours": "Mo-Su 09:30-18:00",
          "tourism": "museum",
          "wheelchair": "no"
        }
      }
    },
    {
      "type": "Feature",
      "geometry": {
        "type": "Point",
        "coordinates": [
          -0.111303,
          51.49552
        ]
      },
      "properties": {
        "id": "osm:node/4264704971",
        "name": "Latinos Help Centre",
        "payment_to_enter": null,
        "payment_to_sit": null,
        "time_pressure": null,
        "conversation": null,
        "activity": null,
        "seating": null,
        "setting": "indoor",
        "support_options": null,
        "why": null,
        "verified": false,
        "verified_date": null,
        "osm_tags": {
          "amenity": "community_centre",
          "name": "Latinos Help Centre"
        }
      }
    },
    {
      "type": "Feature",
      "geometry": {
        "type": "Point",
        "coordinates": [
          -0.121656,
          51.528001
        ]
      },
      "properties": {
        "id": "osm:node/4307665990",
        "name": "Arts Catalyst Centre for Arts, Science, and Technology",
        "payment_to_enter": null,
        "payment_to_sit": null,
        "time_pressure": null,
        "conversation": null,
        "activity": null,
        "seating": null,
        "setting": "indoor",
        "support_options": null,
        "why": null,
        "verified": false,
        "verified_date": null,
        "osm_tags": {
          "amenity": "arts_centre",
          "name": "Arts Catalyst Centre for Arts, Science, and Technology"
        }
      }
    },
    {
      "type": "Feature",
      "geometry": {
        "type": "Point",
        "coordinates": [
          -0.100473,
          51.517723
        ]
      },
      "properties": {
        "id": "osm:node/4354554594",
        "name": "St Bartholomew's Hospital museum",
        "payment_to_enter": "none",
        "payment_to_sit": null,
        "time_pressure": null,
        "conversation": null,
        "activity": null,
        "seating": null,
        "setting": "indoor",
        "support_options": null,
        "why": null,
        "verified": false,
        "verified_date": null,
        "osm_tags": {
          "fee": "no",
          "name": "St Bartholomew's Hospital museum",
          "opening_hours": "Tu-Fr 10:00-16:00",
          "tourism": "museum"
        }
      }
    },
    {
      "type": "Feature",
      "geometry": {
        "type": "Point",
        "coordinates": [
          -0.08768,
          51.514197
        ]
      },
      "properties": {
        "id": "osm:node/4513341393",
        "name": "Bank of England",
        "payment_to_enter": "none",
        "payment_to_sit": null,
        "time_pressure": null,
        "conversation": null,
        "activity": null,
        "seating": null,
        "setting": "indoor",
        "support_options": null,
        "why": null,
        "verified": false,
        "verified_date": null,
        "osm_tags": {
          "fee": "no",
          "name": "Bank of England",
          "opening_hours": "Mo-Fr 10:00-17:00",
          "tourism": "museum"
        }
      }
    },
    {
      "type": "Feature",
      "geometry": {
        "type": "Point",
        "coordinates": [
          -0.176276,
          51.497116
        ]
      },
      "properties": {
        "id": "osm:node/4513756124",
        "name": "The Clockmakers' Museum",
        "payment_to_enter": "none",
        "payment_to_sit": null,
        "time_pressure": null,
        "conversation": null,
        "activity": null,
        "seating": null,
        "setting": "indoor",
        "support_options": null,
        "why": null,
        "verified": false,
        "verified_date": null,
        "osm_tags": {
          "fee": "no",
          "name": "The Clockmakers' Museum",
          "opening_hours": "Mo-Su 10:00-18:00",
          "tourism": "museum"
        }
      }
    },
    {
      "type": "Feature",
      "geometry": {
        "type": "Point",
        "coordinates": [
          -0.146183,
          51.519624
        ]
      },
      "properties": {
        "id": "osm:node/4562409395",
        "name": "Asia House",
        "payment_to_enter": null,
        "payment_to_sit": null,
        "time_pressure": null,
        "conversation": null,
        "activity": null,
        "seating": null,
        "setting": "indoor",
        "support_options": null,
        "why": null,
        "verified": false,
        "verified_date": null,
        "osm_tags": {
          "amenity": "arts_centre",
          "name": "Asia House"
        }
      }
    },
    {
      "type": "Feature",
      "geometry": {
        "type": "Point",
        "coordinates": [
          -0.115651,
          51.504803
        ]
      },
      "properties": {
        "id": "osm:node/472152158",
        "name": "Topolski Century",
        "payment_to_enter": null,
        "payment_to_sit": null,
        "time_pressure": null,
        "conversation": null,
        "activity": null,
        "seating": null,
        "setting": "indoor",
        "support_options": null,
        "why": null,
        "verified": false,
        "verified_date": null,
        "osm_tags": {
          "name": "Topolski Century",
          "tourism": "museum"
        }
      }
    },
    {
      "type": "Feature",
      "geometry": {
        "type": "Point",
        "coordinates": [
          -0.136125,
          51.500048
        ]
      },
      "properties": {
        "id": "osm:node/4749096025",
        "name": "The Guards Museum",
        "payment_to_enter": "required",
        "payment_to_sit": null,
        "time_pressure": null,
        "conversation": null,
        "activity": null,
        "seating": null,
        "setting": "indoor",
        "support_options": null,
        "why": null,
        "verified": false,
        "verified_date": null,
        "osm_tags": {
          "fee": "yes",
          "name": "The Guards Museum",
          "opening_hours": "Mo-Su 10:00-16:00",
          "tourism": "museum"
        }
      }
    },
    {
      "type": "Feature",
      "geometry": {
        "type": "Point",
        "coordinates": [
          -0.133009,
          51.508928
        ]
      },
      "properties": {
        "id": "osm:node/4889364632",
        "name": "St James's Market Pavilion",
        "payment_to_enter": null,
        "payment_to_sit": null,
        "time_pressure": null,
        "conversation": null,
        "activity": null,
        "seating": null,
        "setting": "indoor",
        "support_options": null,
        "why": null,
        "verified": false,
        "verified_date": null,
        "osm_tags": {
          "amenity": "arts_centre",
          "name": "St James's Market Pavilion"
        }
      }
    },
    {
      "type": "Feature",
      "geometry": {
        "type": "Point",
        "coordinates": [
          -0.113998,
          51.524724
        ]
      },
      "properties": {
        "id": "osm:node/4973585223",
        "name": "The Postal Museum",
        "payment_to_enter": "required",
        "payment_to_sit": null,
        "time_pressure": null,
        "conversation": null,
        "activity": null,
        "seating": null,
        "setting": "indoor",
        "support_options": null,
        "why": null,
        "verified": false,
        "verified_date": null,
        "osm_tags": {
          "fee": "yes",
          "name": "The Postal Museum",
          "opening_hours": "We-Su 10:00-17:00",
          "operator": "Postal Heritage Trust",
          "tourism": "museum",
          "wheelchair": "yes"
        }
      }
    },
    {
      "type": "Feature",
      "geometry": {
        "type": "Point",
        "coordinates": [
          -0.130952,
          51.506158
        ]
      },
      "properties": {
        "id": "osm:node/5015865539",
        "name": "Institute of Contemporary Arts",
        "payment_to_enter": null,
        "payment_to_sit": null,
        "time_pressure": null,
        "conversation": null,
        "activity": null,
        "seating": null,
        "setting": "indoor",
        "support_options": null,
        "why": null,
        "verified": false,
        "verified_date": null,
        "osm_tags": {
          "amenity": "arts_centre",
          "internet_access": "wlan",
          "name": "Institute of Contemporary Arts",
          "tourism": "yes"
        }
      }
    },
    {
      "type": "Feature",
      "geometry": {
        "type": "Point",
        "coordinates": [
          -0.127968,
          51.531669
        ]
      },
      "properties": {
        "id": "osm:node/5029665757",
        "name": "Crick Exhibition",
        "payment_to_enter": "none",
        "payment_to_sit": null,
        "time_pressure": null,
        "conversation": null,
        "activity": null,
        "seating": null,
        "setting": "indoor",
        "support_options": null,
        "why": null,
        "verified": false,
        "verified_date": null,
        "osm_tags": {
          "fee": "no",
          "name": "Crick Exhibition",
          "opening_hours": "We 10:00-20:00; Th-Sa 10:00-16:00; Su-Tu off",
          "tourism": "museum"
        }
      }
    },
    {
      "type": "Feature",
      "geometry": {
        "type": "Point",
        "coordinates": [
          -0.127247,
          51.50501
        ]
      },
      "properties": {
        "id": "osm:node/5071252726",
        "name": "Household Cavalry Museum",
        "payment_to_enter": "required",
        "payment_to_sit": null,
        "time_pressure": null,
        "conversation": null,
        "activity": null,
        "seating": null,
        "setting": "indoor",
        "support_options": null,
        "why": null,
        "verified": false,
        "verified_date": null,
        "osm_tags": {
          "fee": "yes",
          "name": "Household Cavalry Museum",
          "tourism": "museum",
          "wheelchair": "yes"
        }
      }
    },
    {
      "type": "Feature",
      "geometry": {
        "type": "Point",
        "coordinates": [
          -0.125976,
          51.513758
        ]
      },
      "properties": {
        "id": "osm:node/5169583425",
        "name": "Covent Garden Community Centre",
        "payment_to_enter": null,
        "payment_to_sit": null,
        "time_pressure": null,
        "conversation": null,
        "activity": null,
        "seating": null,
        "setting": "indoor",
        "support_options": null,
        "why": null,
        "verified": false,
        "verified_date": null,
        "osm_tags": {
          "amenity": "community_centre",
          "name": "Covent Garden Community Centre"
        }
      }
    },
    {
      "type": "Feature",
      "geometry": {
        "type": "Point",
        "coordinates": [
          -0.113267,
          51.524573
        ]
      },
      "properties": {
        "id": "osm:node/5207251549",
        "name": "Mail Rail Museum",
        "payment_to_enter": "required",
        "payment_to_sit": null,
        "time_pressure": null,
        "conversation": null,
        "activity": null,
        "seating": null,
        "setting": "indoor",
        "support_options": null,
        "why": null,
        "verified": false,
        "verified_date": null,
        "osm_tags": {
          "fee": "yes",
          "name": "Mail Rail Museum",
          "opening_hours": "We-Su 10:00-17:00",
          "tourism": "museum",
          "wheelchair": "yes"
        }
      }
    },
    {
      "type": "Feature",
      "geometry": {
        "type": "Point",
        "coordinates": [
          -0.143647,
          51.488752
        ]
      },
      "properties": {
        "id": "osm:node/5244074139",
        "name": "Westminster Muslim Cultural Centre",
        "payment_to_enter": null,
        "payment_to_sit": null,
        "time_pressure": null,
        "conversation": null,
        "activity": null,
        "seating": null,
        "setting": "indoor",
        "support_options": null,
        "why": null,
        "verified": false,
        "verified_date": null,
        "osm_tags": {
          "amenity": "community_centre",
          "name": "Westminster Muslim Cultural Centre"
        }
      }
    },
    {
      "type": "Feature",
      "geometry": {
        "type": "Point",
        "coordinates": [
          -0.099784,
          51.521464
        ]
      },
      "properties": {
        "id": "osm:node/5247197725",
        "name": "The Charterhouse",
        "payment_to_enter": "none",
        "payment_to_sit": null,
        "time_pressure": null,
        "conversation": null,
        "activity": null,
        "seating": null,
        "setting": "indoor",
        "support_options": null,
        "why": null,
        "verified": false,
        "verified_date": null,
        "osm_tags": {
          "fee": "no",
          "name": "The Charterhouse",
          "opening_hours": "Tu-Su 11:00-16:45",
          "tourism": "museum"
        }
      }
    },
    {
      "type": "Feature",
      "geometry": {
        "type": "Point",
        "coordinates": [
          -0.125392,
          51.507892
        ]
      },
      "properties": {
        "id": "osm:node/5323721988",
        "name": "British Optical Association Museum",
        "payment_to_enter": null,
        "payment_to_sit": null,
        "time_pressure": null,
        "conversation": null,
        "activity": null,
        "seating": null,
        "setting": "indoor",
        "support_options": null,
        "why": null,
        "verified": false,
        "verified_date": null,
        "osm_tags": {
          "fee": "unknown",
          "name": "British Optical Association Museum",
          "operator": "The College of Optometrists",
          "tourism": "museum"
        }
      }
    },
    {
      "type": "Feature",
      "geometry": {
        "type": "Point",
        "coordinates": [
          -0.166578,
          51.501299
        ]
      },
      "properties": {
        "id": "osm:node/5412585922",
        "name": "Memorial Scrolls Trust",
        "payment_to_enter": null,
        "payment_to_sit": null,
        "time_pressure": null,
        "conversation": null,
        "activity": null,
        "seating": null,
        "setting": "indoor",
        "support_options": null,
        "why": null,
        "verified": false,
        "verified_date": null,
        "osm_tags": {
          "name": "Memorial Scrolls Trust",
          "tourism": "museum"
        }
      }
    },
    {
      "type": "Feature",
      "geometry": {
        "type": "Point",
        "coordinates": [
          -0.166728,
          51.501294
        ]
      },
      "properties": {
        "id": "osm:node/5412585923",
        "name": "Kent House Knightsbridge",
        "payment_to_enter": null,
        "payment_to_sit": null,
        "time_pressure": null,
        "conversation": null,
        "activity": null,
        "seating": null,
        "setting": "indoor",
        "support_options": null,
        "why": null,
        "verified": false,
        "verified_date": null,
        "osm_tags": {
          "amenity": "community_centre",
          "name": "Kent House Knightsbridge"
        }
      }
    },
    {
      "type": "Feature",
      "geometry": {
        "type": "Point",
        "coordinates": [
          -0.17849,
          51.500109
        ]
      },
      "properties": {
        "id": "osm:node/5624636909",
        "name": "ICSF Library",
        "payment_to_enter": null,
        "payment_to_sit": null,
        "time_pressure": null,
        "conversation": null,
        "activity": null,
        "seating": null,
        "setting": "indoor",
        "support_options": null,
        "why": null,
        "verified": false,
        "verified_date": null,
        "osm_tags": {
          "amenity": "library",
          "internet_access": "yes",
          "name": "ICSF Library",
          "operator": "Imperial College Science Fiction & Fantasy Society"
        }
      }
    },
    {
      "type": "Feature",
      "geometry": {
        "type": "Point",
        "coordinates": [
          -0.11767,
          51.500007
        ]
      },
      "properties": {
        "id": "osm:node/5741257603",
        "name": "The Florence Nightingale Museum",
        "payment_to_enter": "required",
        "payment_to_sit": null,
        "time_pressure": null,
        "conversation": null,
        "activity": null,
        "seating": null,
        "setting": "indoor",
        "support_options": null,
        "why": null,
        "verified": false,
        "verified_date": null,
        "osm_tags": {
          "fee": "yes",
          "name": "The Florence Nightingale Museum",
          "opening_hours": "Tu-Su 10:00-17:00; \"Last Th of month close at 20:00\"",
          "tourism": "museum",
          "wheelchair": "yes"
        }
      }
    },
    {
      "type": "Feature",
      "geometry": {
        "type": "Point",
        "coordinates": [
          -0.110565,
          51.502037
        ]
      },
      "properties": {
        "id": "osm:node/587754352",
        "name": "Waterloo Action Centre",
        "payment_to_enter": null,
        "payment_to_sit": null,
        "time_pressure": null,
        "conversation": null,
        "activity": null,
        "seating": null,
        "setting": "indoor",
        "support_options": null,
        "why": null,
        "verified": false,
        "verified_date": null,
        "osm_tags": {
          "amenity": "community_centre",
          "name": "Waterloo Action Centre",
          "wheelchair": "limited"
        }
      }
    },
    {
      "type": "Feature",
      "geometry": {
        "type": "Point",
        "coordinates": [
          -0.147954,
          51.492786
        ]
      },
      "properties": {
        "id": "osm:node/618694098",
        "name": "Victoria Library",
        "payment_to_enter": null,
        "payment_to_sit": null,
        "time_pressure": null,
        "conversation": null,
        "activity": null,
        "seating": null,
        "setting": "indoor",
        "support_options": null,
        "why": null,
        "verified": false,
        "verified_date": null,
        "osm_tags": {
          "amenity": "library",
          "name": "Victoria Library",
          "opening_hours": "Mo 09:30-20:00; Tu,Th,Fr 09:30-19:00; We 10:00-19:00; Sa 09:30-17:00; Su off",
          "operator": "City of Westminster"
        }
      }
    },
    {
      "type": "Feature",
      "geometry": {
        "type": "Point",
        "coordinates": [
          -0.150723,
          51.518846
        ]
      },
      "properties": {
        "id": "osm:node/6235003792",
        "name": "Marylebone Library",
        "payment_to_enter": null,
        "payment_to_sit": null,
        "time_pressure": null,
        "conversation": null,
        "activity": null,
        "seating": null,
        "setting": "indoor",
        "support_options": null,
        "why": null,
        "verified": false,
        "verified_date": null,
        "osm_tags": {
          "amenity": "library",
          "name": "Marylebone Library",
          "opening_hours": "Mo-Tu, Th-Fr 09:30-20:00; We 10:00-20:00; Sa 09:30-17:00; Su 13:30-17:00"
        }
      }
    },
    {
      "type": "Feature",
      "geometry": {
        "type": "Point",
        "coordinates": [
          -0.144788,
          51.525778
        ]
      },
      "properties": {
        "id": "osm:node/6307248821",
        "name": "Royal College of Physicians Museum",
        "payment_to_enter": "none",
        "payment_to_sit": null,
        "time_pressure": null,
        "conversation": null,
        "activity": null,
        "seating": null,
        "setting": "indoor",
        "support_options": null,
        "why": null,
        "verified": false,
        "verified_date": null,
        "osm_tags": {
          "fee": "no",
          "name": "Royal College of Physicians Museum",
          "operator": "Royal College of Physicians",
          "tourism": "museum"
        }
      }
    },
    {
      "type": "Feature",
      "geometry": {
        "type": "Point",
        "coordinates": [
          -0.14529,
          51.525842
        ]
      },
      "properties": {
        "id": "osm:node/6307248822",
        "name": "Royal College of Physicians Library",
        "payment_to_enter": null,
        "payment_to_sit": null,
        "time_pressure": null,
        "conversation": null,
        "activity": null,
        "seating": null,
        "setting": "indoor",
        "support_options": null,
        "why": null,
        "verified": false,
        "verified_date": null,
        "osm_tags": {
          "amenity": "library",
          "name": "Royal College of Physicians Library",
          "operator": "Royal College of Physicians"
        }
      }
    },
    {
      "type": "Feature",
      "geometry": {
        "type": "Point",
        "coordinates": [
          -0.129873,
          51.50964
        ]
      },
      "properties": {
        "id": "osm:node/639178748",
        "name": "Westminster Reference Library",
        "payment_to_enter": null,
        "payment_to_sit": null,
        "time_pressure": null,
        "conversation": null,
        "activity": null,
        "seating": null,
        "setting": "indoor",
        "support_options": null,
        "why": null,
        "verified": false,
        "verified_date": null,
        "osm_tags": {
          "amenity": "library",
          "name": "Westminster Reference Library",
          "opening_hours": "Mo-Fr 10:00-20:00; Sa 10:00-17:00",
          "wheelchair": "no"
        }
      }
    },
    {
      "type": "Feature",
      "geometry": {
        "type": "Point",
        "coordinates": [
          -0.151563,
          51.523744
        ]
      },
      "properties": {
        "id": "osm:node/6414630959",
        "name": "Royal Academy of Music Library",
        "payment_to_enter": null,
        "payment_to_sit": null,
        "time_pressure": null,
        "conversation": null,
        "activity": null,
        "seating": null,
        "setting": "indoor",
        "support_options": null,
        "why": null,
        "verified": false,
        "verified_date": null,
        "osm_tags": {
          "amenity": "library",
          "name": "Royal Academy of Music Library"
        }
      }
    },
    {
      "type": "Feature",
      "geometry": {
        "type": "Point",
        "coordinates": [
          -0.152271,
          51.523372
        ]
      },
      "properties": {
        "id": "osm:node/6414630967",
        "name": "Royal Academy of Music Museum",
        "payment_to_enter": "none",
        "payment_to_sit": null,
        "time_pressure": null,
        "conversation": null,
        "activity": null,
        "seating": null,
        "setting": "indoor",
        "support_options": null,
        "why": null,
        "verified": false,
        "verified_date": null,
        "osm_tags": {
          "fee": "no",
          "name": "Royal Academy of Music Museum",
          "opening_hours": "Fr 11:00-18:00",
          "tourism": "museum"
        }
      }
    },
    {
      "type": "Feature",
      "geometry": {
        "type": "Point",
        "coordinates": [
          -0.191682,
          51.50135
        ]
      },
      "properties": {
        "id": "osm:node/6476410685",
        "name": "Japan House",
        "payment_to_enter": null,
        "payment_to_sit": null,
        "time_pressure": null,
        "conversation": null,
        "activity": null,
        "seating": null,
        "setting": "indoor",
        "support_options": null,
        "why": null,
        "verified": false,
        "verified_date": null,
        "osm_tags": {
          "amenity": "community_centre",
          "internet_access": "wlan",
          "name": "Japan House",
          "opening_hours": "Mo-Sa 10:00-20:00; Su 12:00-18:00",
          "wheelchair": "limited"
        }
      }
    },
    {
      "type": "Feature",
      "geometry": {
        "type": "Point",
        "coordinates": [
          -0.128831,
          51.529253
        ]
      },
      "properties": {
        "id": "osm:node/6582725771",
        "name": "Levita House Plantation",
        "payment_to_enter": null,
        "payment_to_sit": null,
        "time_pressure": null,
        "conversation": null,
        "activity": null,
        "seating": null,
        "setting": "outdoor",
        "support_options": null,
        "why": null,
        "verified": false,
        "verified_date": null,
        "osm_tags": {
          "leisure": "garden",
          "name": "Levita House Plantation",
          "opening_hours": "24/7",
          "operator": "Camden"
        }
      }
    },
    {
      "type": "Feature",
      "geometry": {
        "type": "Point",
        "coordinates": [
          -0.129364,
          51.490151
        ]
      },
      "properties": {
        "id": "osm:node/672741997",
        "name": "Chelsea Space",
        "payment_to_enter": "none",
        "payment_to_sit": null,
        "time_pressure": null,
        "conversation": null,
        "activity": null,
        "seating": null,
        "setting": "indoor",
        "support_options": null,
        "why": null,
        "verified": false,
        "verified_date": null,
        "osm_tags": {
          "fee": "no",
          "name": "Chelsea Space",
          "tourism": "museum"
        }
      }
    },
    {
      "type": "Feature",
      "geometry": {
        "type": "Point",
        "coordinates": [
          -0.133715,
          51.488851
        ]
      },
      "properties": {
        "id": "osm:node/6855377521",
        "name": "Besborough Family Hub",
        "payment_to_enter": null,
        "payment_to_sit": null,
        "time_pressure": null,
        "conversation": null,
        "activity": null,
        "seating": null,
        "setting": "indoor",
        "support_options": null,
        "why": null,
        "verified": false,
        "verified_date": null,
        "osm_tags": {
          "amenity": "community_centre",
          "name": "Besborough Family Hub"
        }
      }
    },
    {
      "type": "Feature",
      "geometry": {
        "type": "Point",
        "coordinates": [
          -0.18789,
          51.514945
        ]
      },
      "properties": {
        "id": "osm:node/7042171558",
        "name": "Paddington Children's Library",
        "payment_to_enter": null,
        "payment_to_sit": null,
        "time_pressure": null,
        "conversation": null,
        "activity": null,
        "seating": null,
        "setting": "indoor",
        "support_options": null,
        "why": null,
        "verified": false,
        "verified_date": null,
        "osm_tags": {
          "amenity": "library",
          "name": "Paddington Children's Library"
        }
      }
    },
    {
      "type": "Feature",
      "geometry": {
        "type": "Point",
        "coordinates": [
          -0.153066,
          51.517509
        ]
      },
      "properties": {
        "id": "osm:node/7046046492",
        "name": "The Wallace Collection",
        "payment_to_enter": "none",
        "payment_to_sit": null,
        "time_pressure": null,
        "conversation": null,
        "activity": null,
        "seating": null,
        "setting": "indoor",
        "support_options": null,
        "why": null,
        "verified": false,
        "verified_date": null,
        "osm_tags": {
          "fee": "no",
          "name": "The Wallace Collection",
          "opening_hours": "10:00-17:00",
          "tourism": "museum",
          "wheelchair": "yes"
        }
      }
    },
    {
      "type": "Feature",
      "geometry": {
        "type": "Point",
        "coordinates": [
          -0.188678,
          51.517516
        ]
      },
      "properties": {
        "id": "osm:node/7048842980",
        "name": "Paddington Library",
        "payment_to_enter": null,
        "payment_to_sit": null,
        "time_pressure": null,
        "conversation": null,
        "activity": null,
        "seating": null,
        "setting": "indoor",
        "support_options": null,
        "why": null,
        "verified": false,
        "verified_date": null,
        "osm_tags": {
          "amenity": "library",
          "name": "Paddington Library"
        }
      }
    },
    {
      "type": "Feature",
      "geometry": {
        "type": "Point",
        "coordinates": [
          -0.197435,
          51.511348
        ]
      },
      "properties": {
        "id": "osm:node/7126677078",
        "name": "Notting Hill Gate Library",
        "payment_to_enter": null,
        "payment_to_sit": null,
        "time_pressure": null,
        "conversation": null,
        "activity": null,
        "seating": null,
        "setting": "indoor",
        "support_options": null,
        "why": null,
        "verified": false,
        "verified_date": null,
        "osm_tags": {
          "amenity": "library",
          "name": "Notting Hill Gate Library"
        }
      }
    },
    {
      "type": "Feature",
      "geometry": {
        "type": "Point",
        "coordinates": [
          -0.138581,
          51.517577
        ]
      },
      "properties": {
        "id": "osm:node/7261799916",
        "name": "The Cartoon Museum",
        "payment_to_enter": "required",
        "payment_to_sit": null,
        "time_pressure": null,
        "conversation": null,
        "activity": null,
        "seating": null,
        "setting": "indoor",
        "support_options": null,
        "why": null,
        "verified": false,
        "verified_date": null,
        "osm_tags": {
          "fee": "yes",
          "name": "The Cartoon Museum",
          "opening_hours": "Tu, We, Fr, Sa 10:30-17:30; Th 10:30-20:00; Su 12:00-16:00",
          "tourism": "museum"
        }
      }
    },
    {
      "type": "Feature",
      "geometry": {
        "type": "Point",
        "coordinates": [
          -0.086552,
          51.523817
        ]
      },
      "properties": {
        "id": "osm:node/734057156",
        "name": "Museum of Methodism",
        "payment_to_enter": "none",
        "payment_to_sit": null,
        "time_pressure": null,
        "conversation": null,
        "activity": null,
        "seating": null,
        "setting": "indoor",
        "support_options": null,
        "why": null,
        "verified": false,
        "verified_date": null,
        "osm_tags": {
          "fee": "no",
          "name": "Museum of Methodism",
          "tourism": "museum"
        }
      }
    },
    {
      "type": "Feature",
      "geometry": {
        "type": "Point",
        "coordinates": [
          -0.210981,
          51.506011
        ]
      },
      "properties": {
        "id": "osm:node/7391450923",
        "name": "AUGB London",
        "payment_to_enter": null,
        "payment_to_sit": null,
        "time_pressure": null,
        "conversation": null,
        "activity": null,
        "seating": null,
        "setting": "indoor",
        "support_options": null,
        "why": null,
        "verified": false,
        "verified_date": null,
        "osm_tags": {
          "amenity": "community_centre",
          "name": "AUGB London"
        }
      }
    },
    {
      "type": "Feature",
      "geometry": {
        "type": "Point",
        "coordinates": [
          -0.18903,
          51.50215
        ]
      },
      "properties": {
        "id": "osm:node/7619804112",
        "name": "Russia Culture House/Rossotrudnichestvo",
        "payment_to_enter": null,
        "payment_to_sit": null,
        "time_pressure": null,
        "conversation": null,
        "activity": null,
        "seating": null,
        "setting": "indoor",
        "support_options": null,
        "why": null,
        "verified": false,
        "verified_date": null,
        "osm_tags": {
          "amenity": "community_centre",
          "name": "Russia Culture House/Rossotrudnichestvo"
        }
      }
    },
    {
      "type": "Feature",
      "geometry": {
        "type": "Point",
        "coordinates": [
          -0.195378,
          51.494875
        ]
      },
      "properties": {
        "id": "osm:node/7715719671",
        "name": "The Mosaic Rooms",
        "payment_to_enter": "none",
        "payment_to_sit": null,
        "time_pressure": null,
        "conversation": null,
        "activity": null,
        "seating": null,
        "setting": "indoor",
        "support_options": null,
        "why": null,
        "verified": false,
        "verified_date": null,
        "osm_tags": {
          "fee": "no",
          "name": "The Mosaic Rooms",
          "opening_hours": "Tu-Su 11:00-18:00",
          "tourism": "museum"
        }
      }
    },
    {
      "type": "Feature",
      "geometry": {
        "type": "Point",
        "coordinates": [
          -0.133408,
          51.52478
        ]
      },
      "properties": {
        "id": "osm:node/7913450256",
        "name": "Main Library",
        "payment_to_enter": null,
        "payment_to_sit": null,
        "time_pressure": null,
        "conversation": null,
        "activity": null,
        "seating": null,
        "setting": "indoor",
        "support_options": null,
        "why": null,
        "verified": false,
        "verified_date": null,
        "osm_tags": {
          "amenity": "library",
          "name": "Main Library",
          "operator": "UCL"
        }
      }
    },
    {
      "type": "Feature",
      "geometry": {
        "type": "Point",
        "coordinates": [
          -0.116821,
          51.52494
        ]
      },
      "properties": {
        "id": "osm:node/7929807778",
        "name": "London Welsh Centre",
        "payment_to_enter": null,
        "payment_to_sit": null,
        "time_pressure": null,
        "conversation": null,
        "activity": null,
        "seating": null,
        "setting": "indoor",
        "support_options": null,
        "why": null,
        "verified": false,
        "verified_date": null,
        "osm_tags": {
          "amenity": "community_centre",
          "name": "London Welsh Centre",
          "opening_hours": "Mo 09:00-21:00; Tu-Th 09:00-23:00; Fr 09:00-18:00; Sa 09:00-17:00; Su Off",
          "operator": "London Welsh Centre"
        }
      }
    },
    {
      "type": "Feature",
      "geometry": {
        "type": "Point",
        "coordinates": [
          -0.1773,
          51.494539
        ]
      },
      "properties": {
        "id": "osm:node/7930695623",
        "name": "La Médiathèque",
        "payment_to_enter": null,
        "payment_to_sit": null,
        "time_pressure": null,
        "conversation": null,
        "activity": null,
        "seating": null,
        "setting": "indoor",
        "support_options": null,
        "why": null,
        "verified": false,
        "verified_date": null,
        "osm_tags": {
          "amenity": "library",
          "name": "La Médiathèque"
        }
      }
    },
    {
      "type": "Feature",
      "geometry": {
        "type": "Point",
        "coordinates": [
          -0.1703,
          51.496646
        ]
      },
      "properties": {
        "id": "osm:node/7960226859",
        "name": "St Joseph's Hall",
        "payment_to_enter": null,
        "payment_to_sit": null,
        "time_pressure": null,
        "conversation": null,
        "activity": null,
        "seating": null,
        "setting": "indoor",
        "support_options": null,
        "why": null,
        "verified": false,
        "verified_date": null,
        "osm_tags": {
          "amenity": "community_centre",
          "name": "St Joseph's Hall"
        }
      }
    },
    {
      "type": "Feature",
      "geometry": {
        "type": "Point",
        "coordinates": [
          -0.125752,
          51.529432
        ]
      },
      "properties": {
        "id": "osm:node/8071803025",
        "name": "Restored K6 phone booth",
        "payment_to_enter": "none",
        "payment_to_sit": null,
        "time_pressure": null,
        "conversation": null,
        "activity": null,
        "seating": null,
        "setting": "indoor",
        "support_options": null,
        "why": null,
        "verified": false,
        "verified_date": null,
        "osm_tags": {
          "fee": "no",
          "name": "Restored K6 phone booth",
          "operator": "Building Centre",
          "tourism": "museum",
          "wheelchair": "limited"
        }
      }
    },
    {
      "type": "Feature",
      "geometry": {
        "type": "Point",
        "coordinates": [
          -0.172244,
          51.489521
        ]
      },
      "properties": {
        "id": "osm:node/8270551551",
        "name": "Dove Studios",
        "payment_to_enter": null,
        "payment_to_sit": null,
        "time_pressure": null,
        "conversation": null,
        "activity": null,
        "seating": null,
        "setting": "indoor",
        "support_options": null,
        "why": null,
        "verified": false,
        "verified_date": null,
        "osm_tags": {
          "amenity": "arts_centre",
          "name": "Dove Studios"
        }
      }
    },
    {
      "type": "Feature",
      "geometry": {
        "type": "Point",
        "coordinates": [
          -0.177684,
          51.481401
        ]
      },
      "properties": {
        "id": "osm:node/8437173156",
        "name": "Chelsea Centre",
        "payment_to_enter": null,
        "payment_to_sit": null,
        "time_pressure": null,
        "conversation": null,
        "activity": null,
        "seating": null,
        "setting": "indoor",
        "support_options": null,
        "why": null,
        "verified": false,
        "verified_date": null,
        "osm_tags": {
          "amenity": "community_centre",
          "name": "Chelsea Centre"
        }
      }
    },
    {
      "type": "Feature",
      "geometry": {
        "type": "Point",
        "coordinates": [
          -0.147883,
          51.492894
        ]
      },
      "properties": {
        "id": "osm:node/862310076",
        "name": "Victoria Music Library",
        "payment_to_enter": null,
        "payment_to_sit": null,
        "time_pressure": null,
        "conversation": null,
        "activity": null,
        "seating": null,
        "setting": "indoor",
        "support_options": null,
        "why": null,
        "verified": false,
        "verified_date": null,
        "osm_tags": {
          "amenity": "library",
          "name": "Victoria Music Library",
          "operator": "City of Westminster"
        }
      }
    },
    {
      "type": "Feature",
      "geometry": {
        "type": "Point",
        "coordinates": [
          -0.102527,
          51.508309
        ]
      },
      "properties": {
        "id": "osm:node/9428936591",
        "name": "London LGBTQ+ Community Centre",
        "payment_to_enter": null,
        "payment_to_sit": null,
        "time_pressure": null,
        "conversation": null,
        "activity": null,
        "seating": null,
        "setting": "indoor",
        "support_options": null,
        "why": null,
        "verified": false,
        "verified_date": null,
        "osm_tags": {
          "amenity": "community_centre",
          "name": "London LGBTQ+ Community Centre",
          "opening_hours": "We-Su 11:00-20:00",
          "wheelchair": "yes"
        }
      }
    },
    {
      "type": "Feature",
      "geometry": {
        "type": "Point",
        "coordinates": [
          -0.101649,
          51.502887
        ]
      },
      "properties": {
        "id": "osm:node/9550710672",
        "name": "The Africa Centre",
        "payment_to_enter": null,
        "payment_to_sit": null,
        "time_pressure": null,
        "conversation": null,
        "activity": null,
        "seating": null,
        "setting": "indoor",
        "support_options": null,
        "why": null,
        "verified": false,
        "verified_date": null,
        "osm_tags": {
          "amenity": "arts_centre",
          "name": "The Africa Centre"
        }
      }
    },
    {
      "type": "Feature",
      "geometry": {
        "type": "Point",
        "coordinates": [
          -0.092394,
          51.501778
        ]
      },
      "properties": {
        "id": "osm:node/9919427425",
        "name": "John Harvard Library",
        "payment_to_enter": null,
        "payment_to_sit": null,
        "time_pressure": null,
        "conversation": null,
        "activity": null,
        "seating": null,
        "setting": "indoor",
        "support_options": null,
        "why": null,
        "verified": false,
        "verified_date": null,
        "osm_tags": {
          "amenity": "library",
          "internet_access": "wlan",
          "name": "John Harvard Library",
          "opening_hours": "Mo-Fr 09:00-19:00; Sa 09:00-17:00; Su 12:00-16:00; PH off",
          "operator": "London Borough of Southwark"
        }
      }
    },
    {
      "type": "Feature",
      "geometry": {
        "type": "Point",
        "coordinates": [
          -0.182053,
          51.51369
        ]
      },
      "properties": {
        "id": "osm:relation/10347916",
        "name": "Queen's Gardens",
        "payment_to_enter": null,
        "payment_to_sit": null,
        "time_pressure": null,
        "conversation": null,
        "activity": null,
        "seating": null,
        "setting": "outdoor",
        "support_options": null,
        "why": null,
        "verified": false,
        "verified_date": null,
        "osm_tags": {
          "leisure": "garden",
          "name": "Queen's Gardens"
        }
      }
    },
    {
      "type": "Feature",
      "geometry": {
        "type": "Point",
        "coordinates": [
          -0.177107,
          51.494616
        ]
      },
      "properties": {
        "id": "osm:relation/11655272",
        "name": "Institut français du Royaume-Uni",
        "payment_to_enter": null,
        "payment_to_sit": null,
        "time_pressure": null,
        "conversation": null,
        "activity": null,
        "seating": null,
        "setting": "indoor",
        "support_options": null,
        "why": null,
        "verified": false,
        "verified_date": null,
        "osm_tags": {
          "amenity": "community_centre",
          "name": "Institut français du Royaume-Uni"
        }
      }
    },
    {
      "type": "Feature",
      "geometry": {
        "type": "Point",
        "coordinates": [
          -0.173048,
          51.495518
        ]
      },
      "properties": {
        "id": "osm:relation/15470561",
        "name": "Ismaili Centre",
        "payment_to_enter": null,
        "payment_to_sit": null,
        "time_pressure": null,
        "conversation": null,
        "activity": null,
        "seating": null,
        "setting": "indoor",
        "support_options": null,
        "why": null,
        "verified": false,
        "verified_date": null,
        "osm_tags": {
          "amenity": "community_centre",
          "name": "Ismaili Centre"
        }
      }
    },
    {
      "type": "Feature",
      "geometry": {
        "type": "Point",
        "coordinates": [
          -0.153601,
          51.52759
        ]
      },
      "properties": {
        "id": "osm:relation/16030817",
        "name": "Queen Mary's Gardens",
        "payment_to_enter": "none",
        "payment_to_sit": null,
        "time_pressure": null,
        "conversation": null,
        "activity": null,
        "seating": null,
        "setting": "outdoor",
        "support_options": null,
        "why": null,
        "verified": false,
        "verified_date": null,
        "osm_tags": {
          "access": "permissive",
          "fee": "no",
          "leisure": "garden",
          "name": "Queen Mary's Gardens",
          "opening_hours": "Mo-Su 05:00-17:00"
        }
      }
    },
    {
      "type": "Feature",
      "geometry": {
        "type": "Point",
        "coordinates": [
          -0.146814,
          51.500288
        ]
      },
      "properties": {
        "id": "osm:relation/16057258",
        "name": "Buckingham Palace Garden",
        "payment_to_enter": null,
        "payment_to_sit": null,
        "time_pressure": null,
        "conversation": null,
        "activity": null,
        "seating": null,
        "setting": "outdoor",
        "support_options": null,
        "why": null,
        "verified": false,
        "verified_date": null,
        "osm_tags": {
          "access": "private",
          "leisure": "garden",
          "name": "Buckingham Palace Garden",
          "tourism": "park"
        }
      }
    },
    {
      "type": "Feature",
      "geometry": {
        "type": "Point",
        "coordinates": [
          -0.116478,
          51.50563
        ]
      },
      "properties": {
        "id": "osm:relation/1698905",
        "name": "Southbank Centre",
        "payment_to_enter": null,
        "payment_to_sit": null,
        "time_pressure": null,
        "conversation": null,
        "activity": null,
        "seating": null,
        "setting": "indoor",
        "support_options": null,
        "why": null,
        "verified": false,
        "verified_date": null,
        "osm_tags": {
          "amenity": "arts_centre",
          "name": "Southbank Centre",
          "tourism": "attraction"
        }
      }
    },
    {
      "type": "Feature",
      "geometry": {
        "type": "Point",
        "coordinates": [
          -0.126877,
          51.519312
        ]
      },
      "properties": {
        "id": "osm:relation/177044",
        "name": "British Museum",
        "payment_to_enter": "none",
        "payment_to_sit": null,
        "time_pressure": null,
        "conversation": null,
        "activity": null,
        "seating": null,
        "setting": "indoor",
        "support_options": null,
        "why": null,
        "verified": false,
        "verified_date": null,
        "osm_tags": {
          "fee": "no",
          "internet_access": "wlan",
          "name": "British Museum",
          "opening_hours": "Sa-Th 10:00-17:00; Fr 10:00-20:30",
          "tourism": "museum",
          "wheelchair": "yes"
        }
      }
    },
    {
      "type": "Feature",
      "geometry": {
        "type": "Point",
        "coordinates": [
          -0.151708,
          51.495857
        ]
      },
      "properties": {
        "id": "osm:relation/18943248",
        "name": "Eaton Square Garden",
        "payment_to_enter": null,
        "payment_to_sit": null,
        "time_pressure": null,
        "conversation": null,
        "activity": null,
        "seating": null,
        "setting": "outdoor",
        "support_options": null,
        "why": null,
        "verified": false,
        "verified_date": null,
        "osm_tags": {
          "access": "private",
          "leisure": "garden",
          "name": "Eaton Square Garden"
        }
      }
    },
    {
      "type": "Feature",
      "geometry": {
        "type": "Point",
        "coordinates": [
          -0.114005,
          51.507028
        ]
      },
      "properties": {
        "id": "osm:relation/2023676",
        "name": "National Theatre",
        "payment_to_enter": null,
        "payment_to_sit": null,
        "time_pressure": null,
        "conversation": null,
        "activity": null,
        "seating": null,
        "setting": "indoor",
        "support_options": null,
        "why": null,
        "verified": false,
        "verified_date": null,
        "osm_tags": {
          "amenity": "arts_centre",
          "name": "National Theatre",
          "tourism": "attraction",
          "wheelchair": "yes"
        }
      }
    },
    {
      "type": "Feature",
      "geometry": {
        "type": "Point",
        "coordinates": [
          -0.185845,
          51.496851
        ]
      },
      "properties": {
        "id": "osm:relation/21153795",
        "name": "Cornwall Gardens",
        "payment_to_enter": null,
        "payment_to_sit": null,
        "time_pressure": null,
        "conversation": null,
        "activity": null,
        "seating": null,
        "setting": "outdoor",
        "support_options": null,
        "why": null,
        "verified": false,
        "verified_date": null,
        "osm_tags": {
          "access": "private",
          "leisure": "garden",
          "name": "Cornwall Gardens"
        }
      }
    },
    {
      "type": "Feature",
      "geometry": {
        "type": "Point",
        "coordinates": [
          -0.172115,
          51.496911
        ]
      },
      "properties": {
        "id": "osm:relation/29795",
        "name": "Victoria and Albert Museum",
        "payment_to_enter": "none",
        "payment_to_sit": null,
        "time_pressure": null,
        "conversation": null,
        "activity": null,
        "seating": null,
        "setting": "indoor",
        "support_options": null,
        "why": null,
        "verified": false,
        "verified_date": null,
        "osm_tags": {
          "fee": "no",
          "internet_access": "wlan",
          "name": "Victoria and Albert Museum",
          "opening_hours": "Sa-Th 10:00-17:45; Fr 10:00-22:00; Dec 24-26 off",
          "tourism": "museum",
          "wheelchair": "yes"
        }
      }
    },
    {
      "type": "Feature",
      "geometry": {
        "type": "Point",
        "coordinates": [
          -0.149977,
          51.48547
        ]
      },
      "properties": {
        "id": "osm:relation/4109332",
        "name": "Meadowbank Area SMI",
        "payment_to_enter": null,
        "payment_to_sit": null,
        "time_pressure": null,
        "conversation": null,
        "activity": null,
        "seating": null,
        "setting": "outdoor",
        "support_options": null,
        "why": null,
        "verified": false,
        "verified_date": null,
        "osm_tags": {
          "access": "permissive",
          "leisure": "garden",
          "name": "Meadowbank Area SMI"
        }
      }
    },
    {
      "type": "Feature",
      "geometry": {
        "type": "Point",
        "coordinates": [
          -0.140083,
          51.522967
        ]
      },
      "properties": {
        "id": "osm:relation/8382251",
        "name": "Fitzroy Square Garden",
        "payment_to_enter": null,
        "payment_to_sit": null,
        "time_pressure": null,
        "conversation": null,
        "activity": null,
        "seating": null,
        "setting": "outdoor",
        "support_options": null,
        "why": null,
        "verified": false,
        "verified_date": null,
        "osm_tags": {
          "access": "private",
          "leisure": "garden",
          "name": "Fitzroy Square Garden",
          "opening_hours": "Mo-Fr 12:00-15:00"
        }
      }
    },
    {
      "type": "Feature",
      "geometry": {
        "type": "Point",
        "coordinates": [
          -0.191407,
          51.497573
        ]
      },
      "properties": {
        "id": "osm:way/100010903",
        "name": "Stone Hall Gardens",
        "payment_to_enter": null,
        "payment_to_sit": null,
        "time_pressure": null,
        "conversation": null,
        "activity": null,
        "seating": null,
        "setting": "outdoor",
        "support_options": null,
        "why": null,
        "verified": false,
        "verified_date": null,
        "osm_tags": {
          "access": "private",
          "leisure": "garden",
          "name": "Stone Hall Gardens"
        }
      }
    },
    {
      "type": "Feature",
      "geometry": {
        "type": "Point",
        "coordinates": [
          -0.097369,
          51.501327
        ]
      },
      "properties": {
        "id": "osm:way/100268259",
        "name": "Listening Books",
        "payment_to_enter": null,
        "payment_to_sit": null,
        "time_pressure": null,
        "conversation": null,
        "activity": null,
        "seating": null,
        "setting": "indoor",
        "support_options": null,
        "why": null,
        "verified": false,
        "verified_date": null,
        "osm_tags": {
          "amenity": "library",
          "name": "Listening Books"
        }
      }
    },
    {
      "type": "Feature",
      "geometry": {
        "type": "Point",
        "coordinates": [
          -0.076117,
          51.504042
        ]
      },
      "properties": {
        "id": "osm:way/1002807722",
        "name": "Tower Bridge Engine Rooms",
        "payment_to_enter": "required",
        "payment_to_sit": null,
        "time_pressure": null,
        "conversation": null,
        "activity": null,
        "seating": null,
        "setting": "indoor",
        "support_options": null,
        "why": null,
        "verified": false,
        "verified_date": null,
        "osm_tags": {
          "fee": "yes",
          "name": "Tower Bridge Engine Rooms",
          "tourism": "museum",
          "wheelchair": "limited"
        }
      }
    },
    {
      "type": "Feature",
      "geometry": {
        "type": "Point",
        "coordinates": [
          -0.081666,
          51.501187
        ]
      },
      "properties": {
        "id": "osm:way/101154182",
        "name": "Fashion and Textile Museum",
        "payment_to_enter": "required",
        "payment_to_sit": null,
        "time_pressure": null,
        "conversation": null,
        "activity": null,
        "seating": null,
        "setting": "indoor",
        "support_options": null,
        "why": null,
        "verified": false,
        "verified_date": null,
        "osm_tags": {
          "fee": "yes",
          "name": "Fashion and Textile Museum",
          "opening_hours": "Tu-Sa 11:00-18:00; Su-Mo off",
          "operator": "Newham College of Further Education",
          "tourism": "museum"
        }
      }
    },
    {
      "type": "Feature",
      "geometry": {
        "type": "Point",
        "coordinates": [
          -0.073982,
          51.513339
        ]
      },
      "properties": {
        "id": "osm:way/1033882632",
        "name": "Portsoken Community and Health Centre",
        "payment_to_enter": null,
        "payment_to_sit": null,
        "time_pressure": null,
        "conversation": null,
        "activity": null,
        "seating": null,
        "setting": "indoor",
        "support_options": null,
        "why": null,
        "verified": false,
        "verified_date": null,
        "osm_tags": {
          "amenity": "community_centre",
          "name": "Portsoken Community and Health Centre",
          "operator": "City of London Corporation"
        }
      }
    },
    {
      "type": "Feature",
      "geometry": {
        "type": "Point",
        "coordinates": [
          -0.124892,
          51.507651
        ]
      },
      "properties": {
        "id": "osm:way/104081033",
        "name": "Benjamin Franklin House",
        "payment_to_enter": "required",
        "payment_to_sit": null,
        "time_pressure": null,
        "conversation": null,
        "activity": null,
        "seating": null,
        "setting": "indoor",
        "support_options": null,
        "why": null,
        "verified": false,
        "verified_date": null,
        "osm_tags": {
          "fee": "yes",
          "name": "Benjamin Franklin House",
          "opening_hours": "Fr-Su 12:00-17:00",
          "tourism": "museum",
          "wheelchair": "no"
        }
      }
    },
    {
      "type": "Feature",
      "geometry": {
        "type": "Point",
        "coordinates": [
          -0.164556,
          51.489742
        ]
      },
      "properties": {
        "id": "osm:way/104770651",
        "name": "Markham Square Gardens",
        "payment_to_enter": null,
        "payment_to_sit": null,
        "time_pressure": null,
        "conversation": null,
        "activity": null,
        "seating": null,
        "setting": "outdoor",
        "support_options": null,
        "why": null,
        "verified": false,
        "verified_date": null,
        "osm_tags": {
          "access": "private",
          "leisure": "garden",
          "name": "Markham Square Gardens"
        }
      }
    },
    {
      "type": "Feature",
      "geometry": {
        "type": "Point",
        "coordinates": [
          -0.097757,
          51.503151
        ]
      },
      "properties": {
        "id": "osm:way/104864698",
        "name": "Copperfield Street Community Garden",
        "payment_to_enter": "none",
        "payment_to_sit": null,
        "time_pressure": null,
        "conversation": null,
        "activity": null,
        "seating": null,
        "setting": "outdoor",
        "support_options": null,
        "why": null,
        "verified": false,
        "verified_date": null,
        "osm_tags": {
          "access": "permissive",
          "fee": "no",
          "leisure": "garden",
          "name": "Copperfield Street Community Garden",
          "opening_hours": "sunrise-sunset"
        }
      }
    },
    {
      "type": "Feature",
      "geometry": {
        "type": "Point",
        "coordinates": [
          -0.165692,
          51.486266
        ]
      },
      "properties": {
        "id": "osm:way/104982544",
        "name": "Hall of Remembrance",
        "payment_to_enter": null,
        "payment_to_sit": null,
        "time_pressure": null,
        "conversation": null,
        "activity": null,
        "seating": null,
        "setting": "indoor",
        "support_options": null,
        "why": null,
        "verified": false,
        "verified_date": null,
        "osm_tags": {
          "amenity": "community_centre",
          "name": "Hall of Remembrance"
        }
      }
    },
    {
      "type": "Feature",
      "geometry": {
        "type": "Point",
        "coordinates": [
          -0.165815,
          51.486147
        ]
      },
      "properties": {
        "id": "osm:way/104982554",
        "name": "The Hut",
        "payment_to_enter": null,
        "payment_to_sit": null,
        "time_pressure": null,
        "conversation": null,
        "activity": null,
        "seating": null,
        "setting": "indoor",
        "support_options": null,
        "why": null,
        "verified": false,
        "verified_date": null,
        "osm_tags": {
          "amenity": "community_centre",
          "name": "The Hut"
        }
      }
    },
    {
      "type": "Feature",
      "geometry": {
        "type": "Point",
        "coordinates": [
          -0.127804,
          51.503692
        ]
      },
      "properties": {
        "id": "osm:way/105957601",
        "name": "The Rose Garden",
        "payment_to_enter": null,
        "payment_to_sit": null,
        "time_pressure": null,
        "conversation": null,
        "activity": null,
        "seating": null,
        "setting": "outdoor",
        "support_options": null,
        "why": null,
        "verified": false,
        "verified_date": null,
        "osm_tags": {
          "access": "private",
          "leisure": "garden",
          "name": "The Rose Garden"
        }
      }
    },
    {
      "type": "Feature",
      "geometry": {
        "type": "Point",
        "coordinates": [
          -0.145172,
          51.497341
        ]
      },
      "properties": {
        "id": "osm:way/107160869",
        "name": "The Goring Hotel Gardens",
        "payment_to_enter": null,
        "payment_to_sit": null,
        "time_pressure": null,
        "conversation": null,
        "activity": null,
        "seating": null,
        "setting": "outdoor",
        "support_options": null,
        "why": null,
        "verified": false,
        "verified_date": null,
        "osm_tags": {
          "leisure": "garden",
          "name": "The Goring Hotel Gardens"
        }
      }
    },
    {
      "type": "Feature",
      "geometry": {
        "type": "Point",
        "coordinates": [
          -0.175479,
          51.491507
        ]
      },
      "properties": {
        "id": "osm:way/107509558",
        "name": "Onslow Square",
        "payment_to_enter": null,
        "payment_to_sit": null,
        "time_pressure": null,
        "conversation": null,
        "activity": null,
        "seating": null,
        "setting": "outdoor",
        "support_options": null,
        "why": null,
        "verified": false,
        "verified_date": null,
        "osm_tags": {
          "access": "private",
          "leisure": "garden",
          "name": "Onslow Square"
        }
      }
    },
    {
      "type": "Feature",
      "geometry": {
        "type": "Point",
        "coordinates": [
          -0.17278,
          51.486806
        ]
      },
      "properties": {
        "id": "osm:way/107522696",
        "name": "Carlyle Square Gardens",
        "payment_to_enter": null,
        "payment_to_sit": null,
        "time_pressure": null,
        "conversation": null,
        "activity": null,
        "seating": null,
        "setting": "outdoor",
        "support_options": null,
        "why": null,
        "verified": false,
        "verified_date": null,
        "osm_tags": {
          "access": "private",
          "leisure": "garden",
          "name": "Carlyle Square Gardens"
        }
      }
    },
    {
      "type": "Feature",
      "geometry": {
        "type": "Point",
        "coordinates": [
          -0.178695,
          51.488819
        ]
      },
      "properties": {
        "id": "osm:way/10782218",
        "name": "Evelyn Gardens",
        "payment_to_enter": null,
        "payment_to_sit": null,
        "time_pressure": null,
        "conversation": null,
        "activity": null,
        "seating": null,
        "setting": "outdoor",
        "support_options": null,
        "why": null,
        "verified": false,
        "verified_date": null,
        "osm_tags": {
          "access": "private",
          "leisure": "garden",
          "name": "Evelyn Gardens"
        }
      }
    },
    {
      "type": "Feature",
      "geometry": {
        "type": "Point",
        "coordinates": [
          -0.179403,
          51.490832
        ]
      },
      "properties": {
        "id": "osm:way/10782605",
        "name": "Cranley Gardens",
        "payment_to_enter": null,
        "payment_to_sit": null,
        "time_pressure": null,
        "conversation": null,
        "activity": null,
        "seating": null,
        "setting": "outdoor",
        "support_options": null,
        "why": null,
        "verified": false,
        "verified_date": null,
        "osm_tags": {
          "access": "private",
          "leisure": "garden",
          "name": "Cranley Gardens"
        }
      }
    },
    {
      "type": "Feature",
      "geometry": {
        "type": "Point",
        "coordinates": [
          -0.178256,
          51.491387
        ]
      },
      "properties": {
        "id": "osm:way/10782657",
        "name": "Onslow Gardens",
        "payment_to_enter": null,
        "payment_to_sit": null,
        "time_pressure": null,
        "conversation": null,
        "activity": null,
        "seating": null,
        "setting": "outdoor",
        "support_options": null,
        "why": null,
        "verified": false,
        "verified_date": null,
        "osm_tags": {
          "access": "private",
          "leisure": "garden",
          "name": "Onslow Gardens"
        }
      }
    },
    {
      "type": "Feature",
      "geometry": {
        "type": "Point",
        "coordinates": [
          -0.177541,
          51.490602
        ]
      },
      "properties": {
        "id": "osm:way/10782688",
        "name": "Onslow Gardens",
        "payment_to_enter": null,
        "payment_to_sit": null,
        "time_pressure": null,
        "conversation": null,
        "activity": null,
        "seating": null,
        "setting": "outdoor",
        "support_options": null,
        "why": null,
        "verified": false,
        "verified_date": null,
        "osm_tags": {
          "access": "private",
          "leisure": "garden",
          "name": "Onslow Gardens"
        }
      }
    },
    {
      "type": "Feature",
      "geometry": {
        "type": "Point",
        "coordinates": [
          -0.176601,
          51.490999
        ]
      },
      "properties": {
        "id": "osm:way/10782741",
        "name": "Onslow Gardens",
        "payment_to_enter": null,
        "payment_to_sit": null,
        "time_pressure": null,
        "conversation": null,
        "activity": null,
        "seating": null,
        "setting": "outdoor",
        "support_options": null,
        "why": null,
        "verified": false,
        "verified_date": null,
        "osm_tags": {
          "access": "private",
          "leisure": "garden",
          "name": "Onslow Gardens"
        }
      }
    },
    {
      "type": "Feature",
      "geometry": {
        "type": "Point",
        "coordinates": [
          -0.162161,
          51.484648
        ]
      },
      "properties": {
        "id": "osm:way/10806964",
        "name": "Chelsea Physic Garden",
        "payment_to_enter": null,
        "payment_to_sit": null,
        "time_pressure": null,
        "conversation": null,
        "activity": null,
        "seating": null,
        "setting": "outdoor",
        "support_options": null,
        "why": null,
        "verified": false,
        "verified_date": null,
        "osm_tags": {
          "access": "private",
          "leisure": "garden",
          "name": "Chelsea Physic Garden",
          "opening_hours": "Mo-Su 09:30-16:00",
          "tourism": "attraction"
        }
      }
    },
    {
      "type": "Feature",
      "geometry": {
        "type": "Point",
        "coordinates": [
          -0.160287,
          51.48624
        ]
      },
      "properties": {
        "id": "osm:way/10807015",
        "name": "National Army Museum",
        "payment_to_enter": null,
        "payment_to_sit": null,
        "time_pressure": null,
        "conversation": null,
        "activity": null,
        "seating": null,
        "setting": "indoor",
        "support_options": null,
        "why": null,
        "verified": false,
        "verified_date": null,
        "osm_tags": {
          "name": "National Army Museum",
          "tourism": "museum"
        }
      }
    },
    {
      "type": "Feature",
      "geometry": {
        "type": "Point",
        "coordinates": [
          -0.203506,
          51.502251
        ]
      },
      "properties": {
        "id": "osm:way/1081006204",
        "name": "Dutch Garden",
        "payment_to_enter": null,
        "payment_to_sit": null,
        "time_pressure": null,
        "conversation": null,
        "activity": null,
        "seating": null,
        "setting": "outdoor",
        "support_options": null,
        "why": null,
        "verified": false,
        "verified_date": null,
        "osm_tags": {
          "leisure": "garden",
          "name": "Dutch Garden"
        }
      }
    },
    {
      "type": "Feature",
      "geometry": {
        "type": "Point",
        "coordinates": [
          -0.178201,
          51.498232
        ]
      },
      "properties": {
        "id": "osm:way/110085233",
        "name": "Abdus Salam Library",
        "payment_to_enter": null,
        "payment_to_sit": null,
        "time_pressure": null,
        "conversation": null,
        "activity": null,
        "seating": null,
        "setting": "indoor",
        "support_options": null,
        "why": null,
        "verified": false,
        "verified_date": null,
        "osm_tags": {
          "amenity": "library",
          "internet_access": "wlan",
          "name": "Abdus Salam Library",
          "opening_hours": "Su-Th 00:00-24:00, Sa 10:00-24:00; Fr 00:00-23:00",
          "operator": "Imperial College London"
        }
      }
    },
    {
      "type": "Feature",
      "geometry": {
        "type": "Point",
        "coordinates": [
          -0.12312,
          51.518251
        ]
      },
      "properties": {
        "id": "osm:way/1102574178",
        "name": "Pushkin House",
        "payment_to_enter": null,
        "payment_to_sit": null,
        "time_pressure": null,
        "conversation": null,
        "activity": null,
        "seating": null,
        "setting": "indoor",
        "support_options": null,
        "why": null,
        "verified": false,
        "verified_date": null,
        "osm_tags": {
          "amenity": "arts_centre",
          "name": "Pushkin House"
        }
      }
    },
    {
      "type": "Feature",
      "geometry": {
        "type": "Point",
        "coordinates": [
          -0.175689,
          51.488053
        ]
      },
      "properties": {
        "id": "osm:way/111211204",
        "name": "Elm Park Gardens",
        "payment_to_enter": null,
        "payment_to_sit": null,
        "time_pressure": null,
        "conversation": null,
        "activity": null,
        "seating": null,
        "setting": "outdoor",
        "support_options": null,
        "why": null,
        "verified": false,
        "verified_date": null,
        "osm_tags": {
          "access": "private",
          "leisure": "garden",
          "name": "Elm Park Gardens"
        }
      }
    },
    {
      "type": "Feature",
      "geometry": {
        "type": "Point",
        "coordinates": [
          -0.175863,
          51.48272
        ]
      },
      "properties": {
        "id": "osm:way/111318919",
        "name": "Cremourne Sheltered Clubroom",
        "payment_to_enter": null,
        "payment_to_sit": null,
        "time_pressure": null,
        "conversation": null,
        "activity": null,
        "seating": null,
        "setting": "indoor",
        "support_options": null,
        "why": null,
        "verified": false,
        "verified_date": null,
        "osm_tags": {
          "amenity": "community_centre",
          "name": "Cremourne Sheltered Clubroom"
        }
      }
    },
    {
      "type": "Feature",
      "geometry": {
        "type": "Point",
        "coordinates": [
          -0.169229,
          51.483176
        ]
      },
      "properties": {
        "id": "osm:way/111326876",
        "name": "Chelsea Embankment Gardens",
        "payment_to_enter": null,
        "payment_to_sit": null,
        "time_pressure": null,
        "conversation": null,
        "activity": null,
        "seating": null,
        "setting": "outdoor",
        "support_options": null,
        "why": null,
        "verified": false,
        "verified_date": null,
        "osm_tags": {
          "leisure": "garden",
          "name": "Chelsea Embankment Gardens"
        }
      }
    },
    {
      "type": "Feature",
      "geometry": {
        "type": "Point",
        "coordinates": [
          -0.125847,
          51.499843
        ]
      },
      "properties": {
        "id": "osm:way/111435388",
        "name": "Cromwell Green",
        "payment_to_enter": null,
        "payment_to_sit": null,
        "time_pressure": null,
        "conversation": null,
        "activity": null,
        "seating": null,
        "setting": "outdoor",
        "support_options": null,
        "why": null,
        "verified": false,
        "verified_date": null,
        "osm_tags": {
          "leisure": "garden",
          "name": "Cromwell Green"
        }
      }
    },
    {
      "type": "Feature",
      "geometry": {
        "type": "Point",
        "coordinates": [
          -0.127817,
          51.499106
        ]
      },
      "properties": {
        "id": "osm:way/111436387",
        "name": "Cloister Garth",
        "payment_to_enter": null,
        "payment_to_sit": null,
        "time_pressure": null,
        "conversation": null,
        "activity": null,
        "seating": null,
        "setting": "outdoor",
        "support_options": null,
        "why": null,
        "verified": false,
        "verified_date": null,
        "osm_tags": {
          "leisure": "garden",
          "name": "Cloister Garth"
        }
      }
    },
    {
      "type": "Feature",
      "geometry": {
        "type": "Point",
        "coordinates": [
          -0.185508,
          51.492168
        ]
      },
      "properties": {
        "id": "osm:way/113064061",
        "name": "Wetherby Gardens",
        "payment_to_enter": null,
        "payment_to_sit": null,
        "time_pressure": null,
        "conversation": null,
        "activity": null,
        "seating": null,
        "setting": "outdoor",
        "support_options": null,
        "why": null,
        "verified": false,
        "verified_date": null,
        "osm_tags": {
          "access": "private",
          "leisure": "garden",
          "name": "Wetherby Gardens"
        }
      }
    },
    {
      "type": "Feature",
      "geometry": {
        "type": "Point",
        "coordinates": [
          -0.193741,
          51.49992
        ]
      },
      "properties": {
        "id": "osm:way/113679301",
        "name": "Iverna Court Garden",
        "payment_to_enter": null,
        "payment_to_sit": null,
        "time_pressure": null,
        "conversation": null,
        "activity": null,
        "seating": null,
        "setting": "outdoor",
        "support_options": null,
        "why": null,
        "verified": false,
        "verified_date": null,
        "osm_tags": {
          "access": "private",
          "leisure": "garden",
          "name": "Iverna Court Garden"
        }
      }
    },
    {
      "type": "Feature",
      "geometry": {
        "type": "Point",
        "coordinates": [
          -0.18474,
          51.49037
        ]
      },
      "properties": {
        "id": "osm:way/113754182",
        "name": "Cresswell Gardens",
        "payment_to_enter": null,
        "payment_to_sit": null,
        "time_pressure": null,
        "conversation": null,
        "activity": null,
        "seating": null,
        "setting": "outdoor",
        "support_options": null,
        "why": null,
        "verified": false,
        "verified_date": null,
        "osm_tags": {
          "access": "private",
          "leisure": "garden",
          "name": "Cresswell Gardens"
        }
      }
    },
    {
      "type": "Feature",
      "geometry": {
        "type": "Point",
        "coordinates": [
          -0.098519,
          51.500445
        ]
      },
      "properties": {
        "id": "osm:way/1146582955",
        "name": "Collinson Street Garden",
        "payment_to_enter": "none",
        "payment_to_sit": null,
        "time_pressure": null,
        "conversation": null,
        "activity": null,
        "seating": null,
        "setting": "outdoor",
        "support_options": null,
        "why": null,
        "verified": false,
        "verified_date": null,
        "osm_tags": {
          "access": "unknown",
          "fee": "no",
          "leisure": "garden",
          "name": "Collinson Street Garden"
        }
      }
    },
    {
      "type": "Feature",
      "geometry": {
        "type": "Point",
        "coordinates": [
          -0.089647,
          51.511877
        ]
      },
      "properties": {
        "id": "osm:way/1153732893",
        "name": "St Swithin's Church Garden",
        "payment_to_enter": null,
        "payment_to_sit": null,
        "time_pressure": null,
        "conversation": null,
        "activity": null,
        "seating": null,
        "setting": "outdoor",
        "support_options": null,
        "why": null,
        "verified": false,
        "verified_date": null,
        "osm_tags": {
          "leisure": "garden",
          "name": "St Swithin's Church Garden"
        }
      }
    },
    {
      "type": "Feature",
      "geometry": {
        "type": "Point",
        "coordinates": [
          -0.203077,
          51.498613
        ]
      },
      "properties": {
        "id": "osm:way/115594423",
        "name": "Leighton House Museum",
        "payment_to_enter": "required",
        "payment_to_sit": null,
        "time_pressure": null,
        "conversation": null,
        "activity": null,
        "seating": null,
        "setting": "indoor",
        "support_options": null,
        "why": null,
        "verified": false,
        "verified_date": null,
        "osm_tags": {
          "fee": "yes",
          "name": "Leighton House Museum",
          "opening_hours": "We-Mo 10:00-17:30",
          "tourism": "museum",
          "wheelchair": "yes"
        }
      }
    },
    {
      "type": "Feature",
      "geometry": {
        "type": "Point",
        "coordinates": [
          -0.095618,
          51.516127
        ]
      },
      "properties": {
        "id": "osm:way/116405293",
        "name": "St John Zachary",
        "payment_to_enter": null,
        "payment_to_sit": null,
        "time_pressure": null,
        "conversation": null,
        "activity": null,
        "seating": null,
        "setting": "outdoor",
        "support_options": null,
        "why": null,
        "verified": false,
        "verified_date": null,
        "osm_tags": {
          "leisure": "garden",
          "name": "St John Zachary"
        }
      }
    },
    {
      "type": "Feature",
      "geometry": {
        "type": "Point",
        "coordinates": [
          -0.116424,
          51.498649
        ]
      },
      "properties": {
        "id": "osm:way/1165292865",
        "name": "Walled Garden",
        "payment_to_enter": null,
        "payment_to_sit": null,
        "time_pressure": null,
        "conversation": null,
        "activity": null,
        "seating": null,
        "setting": "outdoor",
        "support_options": null,
        "why": null,
        "verified": false,
        "verified_date": null,
        "osm_tags": {
          "leisure": "garden",
          "name": "Walled Garden"
        }
      }
    },
    {
      "type": "Feature",
      "geometry": {
        "type": "Point",
        "coordinates": [
          -0.119677,
          51.494929
        ]
      },
      "properties": {
        "id": "osm:way/117047223",
        "name": "Knot Garden",
        "payment_to_enter": null,
        "payment_to_sit": null,
        "time_pressure": null,
        "conversation": null,
        "activity": null,
        "seating": null,
        "setting": "outdoor",
        "support_options": null,
        "why": null,
        "verified": false,
        "verified_date": null,
        "osm_tags": {
          "access": "customers",
          "leisure": "garden",
          "name": "Knot Garden"
        }
      }
    },
    {
      "type": "Feature",
      "geometry": {
        "type": "Point",
        "coordinates": [
          -0.119975,
          51.494895
        ]
      },
      "properties": {
        "id": "osm:way/117047225",
        "name": "Garden Museum",
        "payment_to_enter": "required",
        "payment_to_sit": null,
        "time_pressure": null,
        "conversation": null,
        "activity": null,
        "seating": null,
        "setting": "indoor",
        "support_options": null,
        "why": null,
        "verified": false,
        "verified_date": null,
        "osm_tags": {
          "fee": "yes",
          "name": "Garden Museum",
          "opening_hours": "Mo-Su 10:00-17:00; Dec 25-26 off",
          "tourism": "museum",
          "wheelchair": "yes"
        }
      }
    },
    {
      "type": "Feature",
      "geometry": {
        "type": "Point",
        "coordinates": [
          -0.135774,
          51.500501
        ]
      },
      "properties": {
        "id": "osm:way/1175908684",
        "name": "Flanders Fields Memorial Garden",
        "payment_to_enter": "none",
        "payment_to_sit": null,
        "time_pressure": null,
        "conversation": null,
        "activity": null,
        "seating": null,
        "setting": "outdoor",
        "support_options": null,
        "why": null,
        "verified": false,
        "verified_date": null,
        "osm_tags": {
          "fee": "no",
          "leisure": "garden",
          "name": "Flanders Fields Memorial Garden"
        }
      }
    },
    {
      "type": "Feature",
      "geometry": {
        "type": "Point",
        "coordinates": [
          -0.112154,
          51.501869
        ]
      },
      "properties": {
        "id": "osm:way/1181338619",
        "name": "Network Theatre",
        "payment_to_enter": null,
        "payment_to_sit": null,
        "time_pressure": null,
        "conversation": null,
        "activity": null,
        "seating": null,
        "setting": "indoor",
        "support_options": null,
        "why": null,
        "verified": false,
        "verified_date": null,
        "osm_tags": {
          "amenity": "arts_centre",
          "name": "Network Theatre"
        }
      }
    },
    {
      "type": "Feature",
      "geometry": {
        "type": "Point",
        "coordinates": [
          -0.156766,
          51.525287
        ]
      },
      "properties": {
        "id": "osm:way/1182135370",
        "name": "Secret Garden",
        "payment_to_enter": null,
        "payment_to_sit": null,
        "time_pressure": null,
        "conversation": null,
        "activity": null,
        "seating": null,
        "setting": "outdoor",
        "support_options": null,
        "why": null,
        "verified": false,
        "verified_date": null,
        "osm_tags": {
          "leisure": "garden",
          "name": "Secret Garden"
        }
      }
    },
    {
      "type": "Feature",
      "geometry": {
        "type": "Point",
        "coordinates": [
          -0.154487,
          51.525375
        ]
      },
      "properties": {
        "id": "osm:way/1182135377",
        "name": "Tate Library",
        "payment_to_enter": null,
        "payment_to_sit": null,
        "time_pressure": null,
        "conversation": null,
        "activity": null,
        "seating": null,
        "setting": "indoor",
        "support_options": null,
        "why": null,
        "verified": false,
        "verified_date": null,
        "osm_tags": {
          "access": "private",
          "amenity": "library",
          "name": "Tate Library"
        }
      }
    },
    {
      "type": "Feature",
      "geometry": {
        "type": "Point",
        "coordinates": [
          -0.119863,
          51.494968
        ]
      },
      "properties": {
        "id": "osm:way/1182593916",
        "name": "The Wolfson Ark Gallery",
        "payment_to_enter": null,
        "payment_to_sit": null,
        "time_pressure": null,
        "conversation": null,
        "activity": null,
        "seating": null,
        "setting": "indoor",
        "support_options": null,
        "why": null,
        "verified": false,
        "verified_date": null,
        "osm_tags": {
          "name": "The Wolfson Ark Gallery",
          "tourism": "museum"
        }
      }
    },
    {
      "type": "Feature",
      "geometry": {
        "type": "Point",
        "coordinates": [
          -0.127049,
          51.495976
        ]
      },
      "properties": {
        "id": "osm:way/118720812",
        "name": "Smith Square Hall",
        "payment_to_enter": null,
        "payment_to_sit": null,
        "time_pressure": null,
        "conversation": null,
        "activity": null,
        "seating": null,
        "setting": "indoor",
        "support_options": null,
        "why": null,
        "verified": false,
        "verified_date": null,
        "osm_tags": {
          "amenity": "arts_centre",
          "name": "Smith Square Hall",
          "tourism": "attraction",
          "wheelchair": "yes"
        }
      }
    },
    {
      "type": "Feature",
      "geometry": {
        "type": "Point",
        "coordinates": [
          -0.107762,
          51.496895
        ]
      },
      "properties": {
        "id": "osm:way/1189689286",
        "name": "Tibetan Peace garden",
        "payment_to_enter": "none",
        "payment_to_sit": null,
        "time_pressure": null,
        "conversation": null,
        "activity": null,
        "seating": null,
        "setting": "outdoor",
        "support_options": null,
        "why": null,
        "verified": false,
        "verified_date": null,
        "osm_tags": {
          "access": "yes",
          "fee": "no",
          "leisure": "garden",
          "name": "Tibetan Peace garden",
          "tourism": "yes"
        }
      }
    },
    {
      "type": "Feature",
      "geometry": {
        "type": "Point",
        "coordinates": [
          -0.151712,
          51.503488
        ]
      },
      "properties": {
        "id": "osm:way/120316250",
        "name": "Apsley House",
        "payment_to_enter": "required",
        "payment_to_sit": null,
        "time_pressure": null,
        "conversation": null,
        "activity": null,
        "seating": null,
        "setting": "indoor",
        "support_options": null,
        "why": null,
        "verified": false,
        "verified_date": null,
        "osm_tags": {
          "fee": "yes",
          "name": "Apsley House",
          "opening_hours": "We-Su 11:00-17:00",
          "operator": "English Heritage",
          "tourism": "museum"
        }
      }
    },
    {
      "type": "Feature",
      "geometry": {
        "type": "Point",
        "coordinates": [
          -0.128145,
          51.536176
        ]
      },
      "properties": {
        "id": "osm:way/1210119714",
        "name": "St Pancras Cruising Club Garden",
        "payment_to_enter": null,
        "payment_to_sit": null,
        "time_pressure": null,
        "conversation": null,
        "activity": null,
        "seating": null,
        "setting": "outdoor",
        "support_options": null,
        "why": null,
        "verified": false,
        "verified_date": null,
        "osm_tags": {
          "access": "private",
          "leisure": "garden",
          "name": "St Pancras Cruising Club Garden"
        }
      }
    },
    {
      "type": "Feature",
      "geometry": {
        "type": "Point",
        "coordinates": [
          -0.091342,
          51.525543
        ]
      },
      "properties": {
        "id": "osm:way/1245316600",
        "name": "Vibast Community Centre",
        "payment_to_enter": null,
        "payment_to_sit": null,
        "time_pressure": null,
        "conversation": null,
        "activity": null,
        "seating": null,
        "setting": "indoor",
        "support_options": null,
        "why": null,
        "verified": false,
        "verified_date": null,
        "osm_tags": {
          "amenity": "community_centre",
          "name": "Vibast Community Centre"
        }
      }
    },
    {
      "type": "Feature",
      "geometry": {
        "type": "Point",
        "coordinates": [
          -0.097817,
          51.507988
        ]
      },
      "properties": {
        "id": "osm:way/1255989685",
        "name": "Tate Modern Community Garden",
        "payment_to_enter": null,
        "payment_to_sit": null,
        "time_pressure": null,
        "conversation": null,
        "activity": null,
        "seating": null,
        "setting": "outdoor",
        "support_options": null,
        "why": null,
        "verified": false,
        "verified_date": null,
        "osm_tags": {
          "leisure": "garden",
          "name": "Tate Modern Community Garden"
        }
      }
    },
    {
      "type": "Feature",
      "geometry": {
        "type": "Point",
        "coordinates": [
          -0.130634,
          51.533854
        ]
      },
      "properties": {
        "id": "osm:way/125964841",
        "name": "Doreen Bazell Hall",
        "payment_to_enter": null,
        "payment_to_sit": null,
        "time_pressure": null,
        "conversation": null,
        "activity": null,
        "seating": null,
        "setting": "indoor",
        "support_options": null,
        "why": null,
        "verified": false,
        "verified_date": null,
        "osm_tags": {
          "amenity": "community_centre",
          "name": "Doreen Bazell Hall",
          "opening_hours": "12:00-18:00",
          "operator": "London Borough of Camden"
        }
      }
    },
    {
      "type": "Feature",
      "geometry": {
        "type": "Point",
        "coordinates": [
          -0.102883,
          51.522944
        ]
      },
      "properties": {
        "id": "osm:way/1270615370",
        "name": "Cloister Garden",
        "payment_to_enter": null,
        "payment_to_sit": null,
        "time_pressure": null,
        "conversation": null,
        "activity": null,
        "seating": null,
        "setting": "outdoor",
        "support_options": null,
        "why": null,
        "verified": false,
        "verified_date": null,
        "osm_tags": {
          "access": "permissive",
          "leisure": "garden",
          "name": "Cloister Garden",
          "opening_hours": "Mo-Sa 09:30-dusk"
        }
      }
    },
    {
      "type": "Feature",
      "geometry": {
        "type": "Point",
        "coordinates": [
          -0.111358,
          51.511802
        ]
      },
      "properties": {
        "id": "osm:way/128200292",
        "name": "Middle Temple Garden",
        "payment_to_enter": null,
        "payment_to_sit": null,
        "time_pressure": null,
        "conversation": null,
        "activity": null,
        "seating": null,
        "setting": "outdoor",
        "support_options": null,
        "why": null,
        "verified": false,
        "verified_date": null,
        "osm_tags": {
          "access": "private",
          "leisure": "garden",
          "name": "Middle Temple Garden"
        }
      }
    },
    {
      "type": "Feature",
      "geometry": {
        "type": "Point",
        "coordinates": [
          -0.190081,
          51.500547
        ]
      },
      "properties": {
        "id": "osm:way/128409470",
        "name": "Kensington Square",
        "payment_to_enter": null,
        "payment_to_sit": null,
        "time_pressure": null,
        "conversation": null,
        "activity": null,
        "seating": null,
        "setting": "outdoor",
        "support_options": null,
        "why": null,
        "verified": false,
        "verified_date": null,
        "osm_tags": {
          "access": "private",
          "leisure": "garden",
          "name": "Kensington Square"
        }
      }
    },
    {
      "type": "Feature",
      "geometry": {
        "type": "Point",
        "coordinates": [
          -0.110708,
          51.512658
        ]
      },
      "properties": {
        "id": "osm:way/128459713",
        "name": "Elm Court",
        "payment_to_enter": null,
        "payment_to_sit": null,
        "time_pressure": null,
        "conversation": null,
        "activity": null,
        "seating": null,
        "setting": "outdoor",
        "support_options": null,
        "why": null,
        "verified": false,
        "verified_date": null,
        "osm_tags": {
          "access": "permissive",
          "leisure": "garden",
          "name": "Elm Court"
        }
      }
    },
    {
      "type": "Feature",
      "geometry": {
        "type": "Point",
        "coordinates": [
          -0.196874,
          51.500485
        ]
      },
      "properties": {
        "id": "osm:way/129377070",
        "name": "Sambourne House",
        "payment_to_enter": null,
        "payment_to_sit": null,
        "time_pressure": null,
        "conversation": null,
        "activity": null,
        "seating": null,
        "setting": "indoor",
        "support_options": null,
        "why": null,
        "verified": false,
        "verified_date": null,
        "osm_tags": {
          "name": "Sambourne House",
          "tourism": "museum"
        }
      }
    },
    {
      "type": "Feature",
      "geometry": {
        "type": "Point",
        "coordinates": [
          -0.200657,
          51.497225
        ]
      },
      "properties": {
        "id": "osm:way/130386281",
        "name": "Edwardes Square Garden",
        "payment_to_enter": null,
        "payment_to_sit": null,
        "time_pressure": null,
        "conversation": null,
        "activity": null,
        "seating": null,
        "setting": "outdoor",
        "support_options": null,
        "why": null,
        "verified": false,
        "verified_date": null,
        "osm_tags": {
          "access": "private",
          "leisure": "garden",
          "name": "Edwardes Square Garden"
        }
      }
    },
    {
      "type": "Feature",
      "geometry": {
        "type": "Point",
        "coordinates": [
          -0.173244,
          51.511679
        ]
      },
      "properties": {
        "id": "osm:way/130437516",
        "name": "Victoria Border",
        "payment_to_enter": null,
        "payment_to_sit": null,
        "time_pressure": null,
        "conversation": null,
        "activity": null,
        "seating": null,
        "setting": "outdoor",
        "support_options": null,
        "why": null,
        "verified": false,
        "verified_date": null,
        "osm_tags": {
          "leisure": "garden",
          "name": "Victoria Border"
        }
      }
    },
    {
      "type": "Feature",
      "geometry": {
        "type": "Point",
        "coordinates": [
          -0.183006,
          51.515398
        ]
      },
      "properties": {
        "id": "osm:way/130525259",
        "name": "Cleveland Gardens",
        "payment_to_enter": null,
        "payment_to_sit": null,
        "time_pressure": null,
        "conversation": null,
        "activity": null,
        "seating": null,
        "setting": "outdoor",
        "support_options": null,
        "why": null,
        "verified": false,
        "verified_date": null,
        "osm_tags": {
          "access": "private",
          "leisure": "garden",
          "name": "Cleveland Gardens"
        }
      }
    },
    {
      "type": "Feature",
      "geometry": {
        "type": "Point",
        "coordinates": [
          -0.190511,
          51.497117
        ]
      },
      "properties": {
        "id": "osm:way/1311652727",
        "name": "Chantry Square",
        "payment_to_enter": null,
        "payment_to_sit": null,
        "time_pressure": null,
        "conversation": null,
        "activity": null,
        "seating": null,
        "setting": "outdoor",
        "support_options": null,
        "why": null,
        "verified": false,
        "verified_date": null,
        "osm_tags": {
          "access": "private",
          "leisure": "garden",
          "name": "Chantry Square"
        }
      }
    },
    {
      "type": "Feature",
      "geometry": {
        "type": "Point",
        "coordinates": [
          -0.124833,
          51.525094
        ]
      },
      "properties": {
        "id": "osm:way/133160182",
        "name": "Marchmont Community Garden",
        "payment_to_enter": null,
        "payment_to_sit": null,
        "time_pressure": null,
        "conversation": null,
        "activity": null,
        "seating": null,
        "setting": "outdoor",
        "support_options": null,
        "why": null,
        "verified": false,
        "verified_date": null,
        "osm_tags": {
          "leisure": "garden",
          "name": "Marchmont Community Garden"
        }
      }
    },
    {
      "type": "Feature",
      "geometry": {
        "type": "Point",
        "coordinates": [
          -0.073868,
          51.515228
        ]
      },
      "properties": {
        "id": "osm:way/1335913754",
        "name": "Library",
        "payment_to_enter": null,
        "payment_to_sit": null,
        "time_pressure": null,
        "conversation": null,
        "activity": null,
        "seating": null,
        "setting": "indoor",
        "support_options": null,
        "why": null,
        "verified": false,
        "verified_date": null,
        "osm_tags": {
          "amenity": "library",
          "name": "Library"
        }
      }
    },
    {
      "type": "Feature",
      "geometry": {
        "type": "Point",
        "coordinates": [
          -0.150462,
          51.517369
        ]
      },
      "properties": {
        "id": "osm:way/134060144",
        "name": "The Brown Collection",
        "payment_to_enter": null,
        "payment_to_sit": null,
        "time_pressure": null,
        "conversation": null,
        "activity": null,
        "seating": null,
        "setting": "indoor",
        "support_options": null,
        "why": null,
        "verified": false,
        "verified_date": null,
        "osm_tags": {
          "name": "The Brown Collection",
          "opening_hours": "We-Sa 10:30-18:00",
          "operator": "Afterlife Ltd",
          "toilets": "yes",
          "tourism": "museum",
          "wheelchair": "yes"
        }
      }
    },
    {
      "type": "Feature",
      "geometry": {
        "type": "Point",
        "coordinates": [
          -0.134571,
          51.505701
        ]
      },
      "properties": {
        "id": "osm:way/1362946440",
        "name": "Woolhouse Garden",
        "payment_to_enter": null,
        "payment_to_sit": null,
        "time_pressure": null,
        "conversation": null,
        "activity": null,
        "seating": null,
        "setting": "outdoor",
        "support_options": null,
        "why": null,
        "verified": false,
        "verified_date": null,
        "osm_tags": {
          "access": "private",
          "leisure": "garden",
          "name": "Woolhouse Garden"
        }
      }
    },
    {
      "type": "Feature",
      "geometry": {
        "type": "Point",
        "coordinates": [
          -0.175501,
          51.510589
        ]
      },
      "properties": {
        "id": "osm:way/1364826143",
        "name": "Italian Gardens",
        "payment_to_enter": "none",
        "payment_to_sit": null,
        "time_pressure": null,
        "conversation": null,
        "activity": null,
        "seating": null,
        "setting": "outdoor",
        "support_options": null,
        "why": null,
        "verified": false,
        "verified_date": null,
        "osm_tags": {
          "fee": "no",
          "leisure": "garden",
          "name": "Italian Gardens",
          "operator": "The Royal Parks"
        }
      }
    },
    {
      "type": "Feature",
      "geometry": {
        "type": "Point",
        "coordinates": [
          -0.081682,
          51.505618
        ]
      },
      "properties": {
        "id": "osm:way/1373087756",
        "name": "Cityscapes",
        "payment_to_enter": null,
        "payment_to_sit": null,
        "time_pressure": null,
        "conversation": null,
        "activity": null,
        "seating": null,
        "setting": "outdoor",
        "support_options": null,
        "why": null,
        "verified": false,
        "verified_date": null,
        "osm_tags": {
          "leisure": "garden",
          "name": "Cityscapes"
        }
      }
    },
    {
      "type": "Feature",
      "geometry": {
        "type": "Point",
        "coordinates": [
          -0.127554,
          51.529291
        ]
      },
      "properties": {
        "id": "osm:way/137640818",
        "name": "The last word",
        "payment_to_enter": null,
        "payment_to_sit": null,
        "time_pressure": null,
        "conversation": null,
        "activity": null,
        "seating": null,
        "setting": "indoor",
        "support_options": null,
        "why": null,
        "verified": false,
        "verified_date": null,
        "osm_tags": {
          "amenity": "community_centre",
          "indoor_seating": "yes",
          "name": "The last word",
          "opening_hours": "Mo-Sa 10:00-16:00",
          "outdoor_seating": "yes",
          "wheelchair": "yes"
        }
      }
    },
    {
      "type": "Feature",
      "geometry": {
        "type": "Point",
        "coordinates": [
          -0.104992,
          51.499659
        ]
      },
      "properties": {
        "id": "osm:way/1413960103",
        "name": "St George's Garden",
        "payment_to_enter": "none",
        "payment_to_sit": null,
        "time_pressure": null,
        "conversation": null,
        "activity": null,
        "seating": null,
        "setting": "outdoor",
        "support_options": null,
        "why": null,
        "verified": false,
        "verified_date": null,
        "osm_tags": {
          "access": "yes",
          "fee": "no",
          "leisure": "garden",
          "name": "St George's Garden"
        }
      }
    },
    {
      "type": "Feature",
      "geometry": {
        "type": "Point",
        "coordinates": [
          -0.081645,
          51.512247
        ]
      },
      "properties": {
        "id": "osm:way/141671238",
        "name": "Fen Court",
        "payment_to_enter": null,
        "payment_to_sit": null,
        "time_pressure": null,
        "conversation": null,
        "activity": null,
        "seating": null,
        "setting": "outdoor",
        "support_options": null,
        "why": null,
        "verified": false,
        "verified_date": null,
        "osm_tags": {
          "leisure": "garden",
          "name": "Fen Court"
        }
      }
    },
    {
      "type": "Feature",
      "geometry": {
        "type": "Point",
        "coordinates": [
          -0.080227,
          51.522802
        ]
      },
      "properties": {
        "id": "osm:way/1421647806",
        "name": "Museum of Shakespeare",
        "payment_to_enter": null,
        "payment_to_sit": null,
        "time_pressure": null,
        "conversation": null,
        "activity": null,
        "seating": null,
        "setting": "indoor",
        "support_options": null,
        "why": null,
        "verified": false,
        "verified_date": null,
        "osm_tags": {
          "name": "Museum of Shakespeare",
          "tourism": "museum"
        }
      }
    },
    {
      "type": "Feature",
      "geometry": {
        "type": "Point",
        "coordinates": [
          -0.171056,
          51.507758
        ]
      },
      "properties": {
        "id": "osm:way/143468998",
        "name": "The Allotment",
        "payment_to_enter": null,
        "payment_to_sit": null,
        "time_pressure": null,
        "conversation": null,
        "activity": null,
        "seating": null,
        "setting": "outdoor",
        "support_options": null,
        "why": null,
        "verified": false,
        "verified_date": null,
        "osm_tags": {
          "access": "yes",
          "leisure": "garden",
          "name": "The Allotment",
          "opening_hours": "Mo-Su 09:30-16:00"
        }
      }
    },
    {
      "type": "Feature",
      "geometry": {
        "type": "Point",
        "coordinates": [
          -0.200289,
          51.492418
        ]
      },
      "properties": {
        "id": "osm:way/144667837",
        "name": "Cluny Mews Gardens",
        "payment_to_enter": null,
        "payment_to_sit": null,
        "time_pressure": null,
        "conversation": null,
        "activity": null,
        "seating": null,
        "setting": "outdoor",
        "support_options": null,
        "why": null,
        "verified": false,
        "verified_date": null,
        "osm_tags": {
          "leisure": "garden",
          "name": "Cluny Mews Gardens"
        }
      }
    },
    {
      "type": "Feature",
      "geometry": {
        "type": "Point",
        "coordinates": [
          -0.172751,
          51.50283
        ]
      },
      "properties": {
        "id": "osm:way/146073566",
        "name": "Hyde Park Enclosed Garden",
        "payment_to_enter": null,
        "payment_to_sit": null,
        "time_pressure": null,
        "conversation": null,
        "activity": null,
        "seating": null,
        "setting": "outdoor",
        "support_options": null,
        "why": null,
        "verified": false,
        "verified_date": null,
        "osm_tags": {
          "leisure": "garden",
          "name": "Hyde Park Enclosed Garden"
        }
      }
    },
    {
      "type": "Feature",
      "geometry": {
        "type": "Point",
        "coordinates": [
          -0.151775,
          51.522562
        ]
      },
      "properties": {
        "id": "osm:way/147991515",
        "name": "Saint Marylebone Parish Church Gardens",
        "payment_to_enter": null,
        "payment_to_sit": null,
        "time_pressure": null,
        "conversation": null,
        "activity": null,
        "seating": null,
        "setting": "outdoor",
        "support_options": null,
        "why": null,
        "verified": false,
        "verified_date": null,
        "osm_tags": {
          "leisure": "garden",
          "name": "Saint Marylebone Parish Church Gardens",
          "operator": "City of Westminster"
        }
      }
    },
    {
      "type": "Feature",
      "geometry": {
        "type": "Point",
        "coordinates": [
          -0.127109,
          51.498636
        ]
      },
      "properties": {
        "id": "osm:way/1488570216",
        "name": "Little Cloister Garden",
        "payment_to_enter": null,
        "payment_to_sit": null,
        "time_pressure": null,
        "conversation": null,
        "activity": null,
        "seating": null,
        "setting": "outdoor",
        "support_options": null,
        "why": null,
        "verified": false,
        "verified_date": null,
        "osm_tags": {
          "leisure": "garden",
          "name": "Little Cloister Garden"
        }
      }
    },
    {
      "type": "Feature",
      "geometry": {
        "type": "Point",
        "coordinates": [
          -0.126798,
          51.498628
        ]
      },
      "properties": {
        "id": "osm:way/1488570219",
        "name": "St Catherine's Garden",
        "payment_to_enter": null,
        "payment_to_sit": null,
        "time_pressure": null,
        "conversation": null,
        "activity": null,
        "seating": null,
        "setting": "outdoor",
        "support_options": null,
        "why": null,
        "verified": false,
        "verified_date": null,
        "osm_tags": {
          "leisure": "garden",
          "name": "St Catherine's Garden"
        }
      }
    },
    {
      "type": "Feature",
      "geometry": {
        "type": "Point",
        "coordinates": [
          -0.149941,
          51.529165
        ]
      },
      "properties": {
        "id": "osm:way/1503592736",
        "name": "The Queen Elizabeth II Garden",
        "payment_to_enter": "none",
        "payment_to_sit": null,
        "time_pressure": null,
        "conversation": null,
        "activity": null,
        "seating": null,
        "setting": "outdoor",
        "support_options": null,
        "why": null,
        "verified": false,
        "verified_date": null,
        "osm_tags": {
          "access": "yes",
          "fee": "no",
          "leisure": "garden",
          "name": "The Queen Elizabeth II Garden",
          "operator": "The Royal Parks"
        }
      }
    },
    {
      "type": "Feature",
      "geometry": {
        "type": "Point",
        "coordinates": [
          -0.160895,
          51.517601
        ]
      },
      "properties": {
        "id": "osm:way/150698264",
        "name": "Bryanston Square",
        "payment_to_enter": null,
        "payment_to_sit": null,
        "time_pressure": null,
        "conversation": null,
        "activity": null,
        "seating": null,
        "setting": "outdoor",
        "support_options": null,
        "why": null,
        "verified": false,
        "verified_date": null,
        "osm_tags": {
          "access": "private",
          "leisure": "garden",
          "name": "Bryanston Square"
        }
      }
    },
    {
      "type": "Feature",
      "geometry": {
        "type": "Point",
        "coordinates": [
          -0.112832,
          51.526731
        ]
      },
      "properties": {
        "id": "osm:way/152177641",
        "name": "Community Room",
        "payment_to_enter": null,
        "payment_to_sit": null,
        "time_pressure": null,
        "conversation": null,
        "activity": null,
        "seating": null,
        "setting": "indoor",
        "support_options": null,
        "why": null,
        "verified": false,
        "verified_date": null,
        "osm_tags": {
          "amenity": "community_centre",
          "name": "Community Room"
        }
      }
    },
    {
      "type": "Feature",
      "geometry": {
        "type": "Point",
        "coordinates": [
          -0.152673,
          51.516761
        ]
      },
      "properties": {
        "id": "osm:way/154029174",
        "name": "Manchester Square",
        "payment_to_enter": null,
        "payment_to_sit": null,
        "time_pressure": null,
        "conversation": null,
        "activity": null,
        "seating": null,
        "setting": "outdoor",
        "support_options": null,
        "why": null,
        "verified": false,
        "verified_date": null,
        "osm_tags": {
          "access": "private",
          "leisure": "garden",
          "name": "Manchester Square"
        }
      }
    },
    {
      "type": "Feature",
      "geometry": {
        "type": "Point",
        "coordinates": [
          -0.172295,
          51.495652
        ]
      },
      "properties": {
        "id": "osm:way/154293379",
        "name": "Yalta Memorial Garden",
        "payment_to_enter": null,
        "payment_to_sit": null,
        "time_pressure": null,
        "conversation": null,
        "activity": null,
        "seating": null,
        "setting": "outdoor",
        "support_options": null,
        "why": null,
        "verified": false,
        "verified_date": null,
        "osm_tags": {
          "access": "yes",
          "leisure": "garden",
          "name": "Yalta Memorial Garden"
        }
      }
    },
    {
      "type": "Feature",
      "geometry": {
        "type": "Point",
        "coordinates": [
          -0.171714,
          51.495001
        ]
      },
      "properties": {
        "id": "osm:way/154293471",
        "name": "Thurloe Square Garden",
        "payment_to_enter": null,
        "payment_to_sit": null,
        "time_pressure": null,
        "conversation": null,
        "activity": null,
        "seating": null,
        "setting": "outdoor",
        "support_options": null,
        "why": null,
        "verified": false,
        "verified_date": null,
        "osm_tags": {
          "access": "private",
          "leisure": "garden",
          "name": "Thurloe Square Garden"
        }
      }
    },
    {
      "type": "Feature",
      "geometry": {
        "type": "Point",
        "coordinates": [
          -0.18208,
          51.523343
        ]
      },
      "properties": {
        "id": "osm:way/155118821",
        "name": "Little Venice Gardens",
        "payment_to_enter": null,
        "payment_to_sit": null,
        "time_pressure": null,
        "conversation": null,
        "activity": null,
        "seating": null,
        "setting": "outdoor",
        "support_options": null,
        "why": null,
        "verified": false,
        "verified_date": null,
        "osm_tags": {
          "access": "private",
          "leisure": "garden",
          "name": "Little Venice Gardens"
        }
      }
    },
    {
      "type": "Feature",
      "geometry": {
        "type": "Point",
        "coordinates": [
          -0.18409,
          51.521418
        ]
      },
      "properties": {
        "id": "osm:way/155118824",
        "name": "Bloomfield Garden",
        "payment_to_enter": null,
        "payment_to_sit": null,
        "time_pressure": null,
        "conversation": null,
        "activity": null,
        "seating": null,
        "setting": "outdoor",
        "support_options": null,
        "why": null,
        "verified": false,
        "verified_date": null,
        "osm_tags": {
          "access": "private",
          "leisure": "garden",
          "name": "Bloomfield Garden"
        }
      }
    },
    {
      "type": "Feature",
      "geometry": {
        "type": "Point",
        "coordinates": [
          -0.09621,
          51.526556
        ]
      },
      "properties": {
        "id": "osm:way/155366829",
        "name": "St Luke's Community Centre",
        "payment_to_enter": null,
        "payment_to_sit": null,
        "time_pressure": null,
        "conversation": null,
        "activity": null,
        "seating": null,
        "setting": "indoor",
        "support_options": null,
        "why": null,
        "verified": false,
        "verified_date": null,
        "osm_tags": {
          "amenity": "community_centre",
          "name": "St Luke's Community Centre",
          "opening_hours": "Mo-Fr 09:30-17:30"
        }
      }
    },
    {
      "type": "Feature",
      "geometry": {
        "type": "Point",
        "coordinates": [
          -0.15967,
          51.504279
        ]
      },
      "properties": {
        "id": "osm:way/156190214",
        "name": "The Dell",
        "payment_to_enter": null,
        "payment_to_sit": null,
        "time_pressure": null,
        "conversation": null,
        "activity": null,
        "seating": null,
        "setting": "outdoor",
        "support_options": null,
        "why": null,
        "verified": false,
        "verified_date": null,
        "osm_tags": {
          "leisure": "garden",
          "name": "The Dell"
        }
      }
    },
    {
      "type": "Feature",
      "geometry": {
        "type": "Point",
        "coordinates": [
          -0.09242,
          51.517941
        ]
      },
      "properties": {
        "id": "osm:way/156197590",
        "name": "St Alphage Gardens",
        "payment_to_enter": null,
        "payment_to_sit": null,
        "time_pressure": null,
        "conversation": null,
        "activity": null,
        "seating": null,
        "setting": "outdoor",
        "support_options": null,
        "why": null,
        "verified": false,
        "verified_date": null,
        "osm_tags": {
          "leisure": "garden",
          "name": "St Alphage Gardens",
          "operator": "City of London Corporation"
        }
      }
    },
    {
      "type": "Feature",
      "geometry": {
        "type": "Point",
        "coordinates": [
          -0.092493,
          51.518083
        ]
      },
      "properties": {
        "id": "osm:way/156197606",
        "name": "Salters' Garden",
        "payment_to_enter": null,
        "payment_to_sit": null,
        "time_pressure": null,
        "conversation": null,
        "activity": null,
        "seating": null,
        "setting": "outdoor",
        "support_options": null,
        "why": null,
        "verified": false,
        "verified_date": null,
        "osm_tags": {
          "access": "permissive",
          "leisure": "garden",
          "name": "Salters' Garden",
          "operator": "City of London Corporation"
        }
      }
    },
    {
      "type": "Feature",
      "geometry": {
        "type": "Point",
        "coordinates": [
          -0.168986,
          51.508253
        ]
      },
      "properties": {
        "id": "osm:way/157472697",
        "name": "Bird Sanctuary",
        "payment_to_enter": null,
        "payment_to_sit": null,
        "time_pressure": null,
        "conversation": null,
        "activity": null,
        "seating": null,
        "setting": "outdoor",
        "support_options": null,
        "why": null,
        "verified": false,
        "verified_date": null,
        "osm_tags": {
          "leisure": "garden",
          "name": "Bird Sanctuary"
        }
      }
    },
    {
      "type": "Feature",
      "geometry": {
        "type": "Point",
        "coordinates": [
          -0.092134,
          51.510899
        ]
      },
      "properties": {
        "id": "osm:way/160628316",
        "name": "Whittington Garden",
        "payment_to_enter": null,
        "payment_to_sit": null,
        "time_pressure": null,
        "conversation": null,
        "activity": null,
        "seating": null,
        "setting": "outdoor",
        "support_options": null,
        "why": null,
        "verified": false,
        "verified_date": null,
        "osm_tags": {
          "access": "yes",
          "leisure": "garden",
          "name": "Whittington Garden",
          "operator": "City of London Corporation"
        }
      }
    },
    {
      "type": "Feature",
      "geometry": {
        "type": "Point",
        "coordinates": [
          -0.110916,
          51.513729
        ]
      },
      "properties": {
        "id": "osm:way/161420186",
        "name": "Prince Henry's Room",
        "payment_to_enter": null,
        "payment_to_sit": null,
        "time_pressure": null,
        "conversation": null,
        "activity": null,
        "seating": null,
        "setting": "indoor",
        "support_options": null,
        "why": null,
        "verified": false,
        "verified_date": null,
        "osm_tags": {
          "name": "Prince Henry's Room",
          "operator": "City of London Corporation",
          "tourism": "museum"
        }
      }
    },
    {
      "type": "Feature",
      "geometry": {
        "type": "Point",
        "coordinates": [
          -0.10574,
          51.52301
        ]
      },
      "properties": {
        "id": "osm:way/163032679",
        "name": "Marx Memorial Library",
        "payment_to_enter": null,
        "payment_to_sit": null,
        "time_pressure": null,
        "conversation": null,
        "activity": null,
        "seating": null,
        "setting": "indoor",
        "support_options": null,
        "why": null,
        "verified": false,
        "verified_date": null,
        "osm_tags": {
          "amenity": "library",
          "name": "Marx Memorial Library",
          "opening_hours": "Mo-Th 12:00-16:00",
          "wheelchair": "limited"
        }
      }
    },
    {
      "type": "Feature",
      "geometry": {
        "type": "Point",
        "coordinates": [
          -0.10586,
          51.526613
        ]
      },
      "properties": {
        "id": "osm:way/164254084",
        "name": "Unity Rooms",
        "payment_to_enter": null,
        "payment_to_sit": null,
        "time_pressure": null,
        "conversation": null,
        "activity": null,
        "seating": null,
        "setting": "indoor",
        "support_options": null,
        "why": null,
        "verified": false,
        "verified_date": null,
        "osm_tags": {
          "amenity": "community_centre",
          "name": "Unity Rooms",
          "operator": "Islington Council"
        }
      }
    },
    {
      "type": "Feature",
      "geometry": {
        "type": "Point",
        "coordinates": [
          -0.15928,
          51.517884
        ]
      },
      "properties": {
        "id": "osm:way/171507588",
        "name": "Montagu Square",
        "payment_to_enter": null,
        "payment_to_sit": null,
        "time_pressure": null,
        "conversation": null,
        "activity": null,
        "seating": null,
        "setting": "outdoor",
        "support_options": null,
        "why": null,
        "verified": false,
        "verified_date": null,
        "osm_tags": {
          "access": "private",
          "leisure": "garden",
          "name": "Montagu Square"
        }
      }
    },
    {
      "type": "Feature",
      "geometry": {
        "type": "Point",
        "coordinates": [
          -0.115695,
          51.514662
        ]
      },
      "properties": {
        "id": "osm:way/174793673",
        "name": "British Library of Political and Economic Science",
        "payment_to_enter": null,
        "payment_to_sit": null,
        "time_pressure": null,
        "conversation": null,
        "activity": null,
        "seating": null,
        "setting": "indoor",
        "support_options": null,
        "why": null,
        "verified": false,
        "verified_date": null,
        "osm_tags": {
          "amenity": "library",
          "name": "British Library of Political and Economic Science",
          "opening_hours": "24/7",
          "operator": "London School of Economics and Political Science (LSE)",
          "wheelchair": "yes"
        }
      }
    },
    {
      "type": "Feature",
      "geometry": {
        "type": "Point",
        "coordinates": [
          -0.110441,
          51.515167
        ]
      },
      "properties": {
        "id": "osm:way/174793675",
        "name": "Maughan Library",
        "payment_to_enter": null,
        "payment_to_sit": null,
        "time_pressure": null,
        "conversation": null,
        "activity": null,
        "seating": null,
        "setting": "indoor",
        "support_options": null,
        "why": null,
        "verified": false,
        "verified_date": null,
        "osm_tags": {
          "access": "private",
          "amenity": "library",
          "name": "Maughan Library",
          "operator": "King's College London"
        }
      }
    },
    {
      "type": "Feature",
      "geometry": {
        "type": "Point",
        "coordinates": [
          -0.129428,
          51.520286
        ]
      },
      "properties": {
        "id": "osm:way/183997720",
        "name": "Malet Street Gardens",
        "payment_to_enter": null,
        "payment_to_sit": null,
        "time_pressure": null,
        "conversation": null,
        "activity": null,
        "seating": null,
        "setting": "outdoor",
        "support_options": null,
        "why": null,
        "verified": false,
        "verified_date": null,
        "osm_tags": {
          "leisure": "garden",
          "name": "Malet Street Gardens"
        }
      }
    },
    {
      "type": "Feature",
      "geometry": {
        "type": "Point",
        "coordinates": [
          -0.089773,
          51.50594
        ]
      },
      "properties": {
        "id": "osm:way/185555698",
        "name": "Southwark Cathedral Precinct",
        "payment_to_enter": null,
        "payment_to_sit": null,
        "time_pressure": null,
        "conversation": null,
        "activity": null,
        "seating": null,
        "setting": "outdoor",
        "support_options": null,
        "why": null,
        "verified": false,
        "verified_date": null,
        "osm_tags": {
          "access": "customers",
          "leisure": "garden",
          "name": "Southwark Cathedral Precinct"
        }
      }
    },
    {
      "type": "Feature",
      "geometry": {
        "type": "Point",
        "coordinates": [
          -0.097132,
          51.525982
        ]
      },
      "properties": {
        "id": "osm:way/185766339",
        "name": "Dance Square",
        "payment_to_enter": null,
        "payment_to_sit": null,
        "time_pressure": null,
        "conversation": null,
        "activity": null,
        "seating": null,
        "setting": "outdoor",
        "support_options": null,
        "why": null,
        "verified": false,
        "verified_date": null,
        "osm_tags": {
          "leisure": "garden",
          "name": "Dance Square"
        }
      }
    },
    {
      "type": "Feature",
      "geometry": {
        "type": "Point",
        "coordinates": [
          -0.155775,
          51.503997
        ]
      },
      "properties": {
        "id": "osm:way/186632571",
        "name": "The Rose Garden",
        "payment_to_enter": null,
        "payment_to_sit": null,
        "time_pressure": null,
        "conversation": null,
        "activity": null,
        "seating": null,
        "setting": "outdoor",
        "support_options": null,
        "why": null,
        "verified": false,
        "verified_date": null,
        "osm_tags": {
          "leisure": "garden",
          "name": "The Rose Garden"
        }
      }
    },
    {
      "type": "Feature",
      "geometry": {
        "type": "Point",
        "coordinates": [
          -0.174141,
          51.503515
        ]
      },
      "properties": {
        "id": "osm:way/187542091",
        "name": "\"Berlin Wall\"",
        "payment_to_enter": null,
        "payment_to_sit": null,
        "time_pressure": null,
        "conversation": null,
        "activity": null,
        "seating": null,
        "setting": "outdoor",
        "support_options": null,
        "why": null,
        "verified": false,
        "verified_date": null,
        "osm_tags": {
          "leisure": "garden",
          "name": "\"Berlin Wall\""
        }
      }
    },
    {
      "type": "Feature",
      "geometry": {
        "type": "Point",
        "coordinates": [
          -0.159241,
          51.503013
        ]
      },
      "properties": {
        "id": "osm:way/187542092",
        "name": "Mountbatten Copse",
        "payment_to_enter": null,
        "payment_to_sit": null,
        "time_pressure": null,
        "conversation": null,
        "activity": null,
        "seating": null,
        "setting": "outdoor",
        "support_options": null,
        "why": null,
        "verified": false,
        "verified_date": null,
        "osm_tags": {
          "leisure": "garden",
          "name": "Mountbatten Copse"
        }
      }
    },
    {
      "type": "Feature",
      "geometry": {
        "type": "Point",
        "coordinates": [
          -0.124484,
          51.527544
        ]
      },
      "properties": {
        "id": "osm:way/192328742",
        "name": "One KX",
        "payment_to_enter": null,
        "payment_to_sit": null,
        "time_pressure": null,
        "conversation": null,
        "activity": null,
        "seating": null,
        "setting": "indoor",
        "support_options": null,
        "why": null,
        "verified": false,
        "verified_date": null,
        "osm_tags": {
          "amenity": "arts_centre",
          "name": "One KX"
        }
      }
    },
    {
      "type": "Feature",
      "geometry": {
        "type": "Point",
        "coordinates": [
          -0.095444,
          51.522185
        ]
      },
      "properties": {
        "id": "osm:way/192818340",
        "name": "Golden Lane Community Centre.",
        "payment_to_enter": null,
        "payment_to_sit": null,
        "time_pressure": null,
        "conversation": null,
        "activity": null,
        "seating": null,
        "setting": "indoor",
        "support_options": null,
        "why": null,
        "verified": false,
        "verified_date": null,
        "osm_tags": {
          "amenity": "community_centre",
          "name": "Golden Lane Community Centre."
        }
      }
    },
    {
      "type": "Feature",
      "geometry": {
        "type": "Point",
        "coordinates": [
          -0.17748,
          51.495693
        ]
      },
      "properties": {
        "id": "osm:way/194922087",
        "name": "West Lawn",
        "payment_to_enter": null,
        "payment_to_sit": null,
        "time_pressure": null,
        "conversation": null,
        "activity": null,
        "seating": null,
        "setting": "outdoor",
        "support_options": null,
        "why": null,
        "verified": false,
        "verified_date": null,
        "osm_tags": {
          "leisure": "garden",
          "name": "West Lawn"
        }
      }
    },
    {
      "type": "Feature",
      "geometry": {
        "type": "Point",
        "coordinates": [
          -0.129251,
          51.502209
        ]
      },
      "properties": {
        "id": "osm:way/197206542",
        "name": "Churchill War Rooms",
        "payment_to_enter": "required",
        "payment_to_sit": null,
        "time_pressure": null,
        "conversation": null,
        "activity": null,
        "seating": null,
        "setting": "indoor",
        "support_options": null,
        "why": null,
        "verified": false,
        "verified_date": null,
        "osm_tags": {
          "fee": "yes",
          "name": "Churchill War Rooms",
          "tourism": "museum",
          "wheelchair": "yes"
        }
      }
    },
    {
      "type": "Feature",
      "geometry": {
        "type": "Point",
        "coordinates": [
          -0.175786,
          51.51345
        ]
      },
      "properties": {
        "id": "osm:way/210585974",
        "name": "Sussex Gardens",
        "payment_to_enter": null,
        "payment_to_sit": null,
        "time_pressure": null,
        "conversation": null,
        "activity": null,
        "seating": null,
        "setting": "outdoor",
        "support_options": null,
        "why": null,
        "verified": false,
        "verified_date": null,
        "osm_tags": {
          "leisure": "garden",
          "name": "Sussex Gardens",
          "operator": "City of Westminster"
        }
      }
    },
    {
      "type": "Feature",
      "geometry": {
        "type": "Point",
        "coordinates": [
          -0.173143,
          51.488736
        ]
      },
      "properties": {
        "id": "osm:way/223928413",
        "name": "Chelsea Common",
        "payment_to_enter": null,
        "payment_to_sit": null,
        "time_pressure": null,
        "conversation": null,
        "activity": null,
        "seating": null,
        "setting": "outdoor",
        "support_options": null,
        "why": null,
        "verified": false,
        "verified_date": null,
        "osm_tags": {
          "access": "private",
          "leisure": "garden",
          "name": "Chelsea Common"
        }
      }
    },
    {
      "type": "Feature",
      "geometry": {
        "type": "Point",
        "coordinates": [
          -0.166396,
          51.525159
        ]
      },
      "properties": {
        "id": "osm:way/224818084",
        "name": "Community Hall",
        "payment_to_enter": null,
        "payment_to_sit": null,
        "time_pressure": null,
        "conversation": null,
        "activity": null,
        "seating": null,
        "setting": "indoor",
        "support_options": null,
        "why": null,
        "verified": false,
        "verified_date": null,
        "osm_tags": {
          "amenity": "community_centre",
          "name": "Community Hall"
        }
      }
    },
    {
      "type": "Feature",
      "geometry": {
        "type": "Point",
        "coordinates": [
          -0.13153,
          51.523953
        ]
      },
      "properties": {
        "id": "osm:way/224890389",
        "name": "Dr Williams's Library",
        "payment_to_enter": null,
        "payment_to_sit": null,
        "time_pressure": null,
        "conversation": null,
        "activity": null,
        "seating": null,
        "setting": "indoor",
        "support_options": null,
        "why": null,
        "verified": false,
        "verified_date": null,
        "osm_tags": {
          "amenity": "library",
          "internet_access": "wlan",
          "name": "Dr Williams's Library"
        }
      }
    },
    {
      "type": "Feature",
      "geometry": {
        "type": "Point",
        "coordinates": [
          -0.151134,
          51.509348
        ]
      },
      "properties": {
        "id": "osm:way/224892997",
        "name": "Mayfair Library",
        "payment_to_enter": null,
        "payment_to_sit": null,
        "time_pressure": null,
        "conversation": null,
        "activity": null,
        "seating": null,
        "setting": "indoor",
        "support_options": null,
        "why": null,
        "verified": false,
        "verified_date": null,
        "osm_tags": {
          "amenity": "library",
          "name": "Mayfair Library",
          "operator": "City of Westminster"
        }
      }
    },
    {
      "type": "Feature",
      "geometry": {
        "type": "Point",
        "coordinates": [
          -0.139686,
          51.535313
        ]
      },
      "properties": {
        "id": "osm:way/225442628",
        "name": "David Roberts Art Foundation",
        "payment_to_enter": null,
        "payment_to_sit": null,
        "time_pressure": null,
        "conversation": null,
        "activity": null,
        "seating": null,
        "setting": "indoor",
        "support_options": null,
        "why": null,
        "verified": false,
        "verified_date": null,
        "osm_tags": {
          "amenity": "arts_centre",
          "name": "David Roberts Art Foundation"
        }
      }
    },
    {
      "type": "Feature",
      "geometry": {
        "type": "Point",
        "coordinates": [
          -0.156885,
          51.487699
        ]
      },
      "properties": {
        "id": "osm:way/225905955",
        "name": "Light Horse Court",
        "payment_to_enter": null,
        "payment_to_sit": null,
        "time_pressure": null,
        "conversation": null,
        "activity": null,
        "seating": null,
        "setting": "outdoor",
        "support_options": null,
        "why": null,
        "verified": false,
        "verified_date": null,
        "osm_tags": {
          "leisure": "garden",
          "name": "Light Horse Court"
        }
      }
    },
    {
      "type": "Feature",
      "geometry": {
        "type": "Point",
        "coordinates": [
          -0.158618,
          51.486565
        ]
      },
      "properties": {
        "id": "osm:way/225906145",
        "name": "College Court",
        "payment_to_enter": null,
        "payment_to_sit": null,
        "time_pressure": null,
        "conversation": null,
        "activity": null,
        "seating": null,
        "setting": "outdoor",
        "support_options": null,
        "why": null,
        "verified": false,
        "verified_date": null,
        "osm_tags": {
          "leisure": "garden",
          "name": "College Court"
        }
      }
    },
    {
      "type": "Feature",
      "geometry": {
        "type": "Point",
        "coordinates": [
          -0.165405,
          51.483779
        ]
      },
      "properties": {
        "id": "osm:way/225907207",
        "name": "Chelsea Embankment Gardens",
        "payment_to_enter": null,
        "payment_to_sit": null,
        "time_pressure": null,
        "conversation": null,
        "activity": null,
        "seating": null,
        "setting": "outdoor",
        "support_options": null,
        "why": null,
        "verified": false,
        "verified_date": null,
        "osm_tags": {
          "access": "yes",
          "leisure": "garden",
          "name": "Chelsea Embankment Gardens"
        }
      }
    },
    {
      "type": "Feature",
      "geometry": {
        "type": "Point",
        "coordinates": [
          -0.209471,
          51.51373
        ]
      },
      "properties": {
        "id": "osm:way/22924096",
        "name": "Blenheim Elgin Garden",
        "payment_to_enter": null,
        "payment_to_sit": null,
        "time_pressure": null,
        "conversation": null,
        "activity": null,
        "seating": null,
        "setting": "outdoor",
        "support_options": null,
        "why": null,
        "verified": false,
        "verified_date": null,
        "osm_tags": {
          "access": "private",
          "leisure": "garden",
          "name": "Blenheim Elgin Garden"
        }
      }
    },
    {
      "type": "Feature",
      "geometry": {
        "type": "Point",
        "coordinates": [
          -0.208506,
          51.513231
        ]
      },
      "properties": {
        "id": "osm:way/22924108",
        "name": "Rosmead Garden",
        "payment_to_enter": null,
        "payment_to_sit": null,
        "time_pressure": null,
        "conversation": null,
        "activity": null,
        "seating": null,
        "setting": "outdoor",
        "support_options": null,
        "why": null,
        "verified": false,
        "verified_date": null,
        "osm_tags": {
          "access": "private",
          "leisure": "garden",
          "name": "Rosmead Garden"
        }
      }
    },
    {
      "type": "Feature",
      "geometry": {
        "type": "Point",
        "coordinates": [
          -0.209221,
          51.511705
        ]
      },
      "properties": {
        "id": "osm:way/22924137",
        "name": "Montpelier Garden",
        "payment_to_enter": null,
        "payment_to_sit": null,
        "time_pressure": null,
        "conversation": null,
        "activity": null,
        "seating": null,
        "setting": "outdoor",
        "support_options": null,
        "why": null,
        "verified": false,
        "verified_date": null,
        "osm_tags": {
          "access": "private",
          "leisure": "garden",
          "name": "Montpelier Garden"
        }
      }
    },
    {
      "type": "Feature",
      "geometry": {
        "type": "Point",
        "coordinates": [
          -0.208561,
          51.510405
        ]
      },
      "properties": {
        "id": "osm:way/22924145",
        "name": "Clarendon and Lansdowne Garden",
        "payment_to_enter": null,
        "payment_to_sit": null,
        "time_pressure": null,
        "conversation": null,
        "activity": null,
        "seating": null,
        "setting": "outdoor",
        "support_options": null,
        "why": null,
        "verified": false,
        "verified_date": null,
        "osm_tags": {
          "access": "private",
          "leisure": "garden",
          "name": "Clarendon and Lansdowne Garden"
        }
      }
    },
    {
      "type": "Feature",
      "geometry": {
        "type": "Point",
        "coordinates": [
          -0.207755,
          51.509357
        ]
      },
      "properties": {
        "id": "osm:way/22924163",
        "name": "Lansdowne Road and Clarendon Road Garden",
        "payment_to_enter": null,
        "payment_to_sit": null,
        "time_pressure": null,
        "conversation": null,
        "activity": null,
        "seating": null,
        "setting": "outdoor",
        "support_options": null,
        "why": null,
        "verified": false,
        "verified_date": null,
        "osm_tags": {
          "access": "private",
          "leisure": "garden",
          "name": "Lansdowne Road and Clarendon Road Garden"
        }
      }
    },
    {
      "type": "Feature",
      "geometry": {
        "type": "Point",
        "coordinates": [
          -0.206257,
          51.514173
        ]
      },
      "properties": {
        "id": "osm:way/22924166",
        "name": "Arundel and Elgin Garden",
        "payment_to_enter": null,
        "payment_to_sit": null,
        "time_pressure": null,
        "conversation": null,
        "activity": null,
        "seating": null,
        "setting": "outdoor",
        "support_options": null,
        "why": null,
        "verified": false,
        "verified_date": null,
        "osm_tags": {
          "access": "private",
          "leisure": "garden",
          "name": "Arundel and Elgin Garden"
        }
      }
    },
    {
      "type": "Feature",
      "geometry": {
        "type": "Point",
        "coordinates": [
          -0.205666,
          51.513324
        ]
      },
      "properties": {
        "id": "osm:way/22924167",
        "name": "Arundel and Ladbroke Gardens",
        "payment_to_enter": null,
        "payment_to_sit": null,
        "time_pressure": null,
        "conversation": null,
        "activity": null,
        "seating": null,
        "setting": "outdoor",
        "support_options": null,
        "why": null,
        "verified": false,
        "verified_date": null,
        "osm_tags": {
          "access": "private",
          "leisure": "garden",
          "name": "Arundel and Ladbroke Gardens"
        }
      }
    },
    {
      "type": "Feature",
      "geometry": {
        "type": "Point",
        "coordinates": [
          -0.207529,
          51.512292
        ]
      },
      "properties": {
        "id": "osm:way/22924178",
        "name": "Lansdowne Gardens",
        "payment_to_enter": null,
        "payment_to_sit": null,
        "time_pressure": null,
        "conversation": null,
        "activity": null,
        "seating": null,
        "setting": "outdoor",
        "support_options": null,
        "why": null,
        "verified": false,
        "verified_date": null,
        "osm_tags": {
          "access": "private",
          "leisure": "garden",
          "name": "Lansdowne Gardens"
        }
      }
    },
    {
      "type": "Feature",
      "geometry": {
        "type": "Point",
        "coordinates": [
          -0.210315,
          51.506745
        ]
      },
      "properties": {
        "id": "osm:way/22924262",
        "name": "Norland Square Garden",
        "payment_to_enter": null,
        "payment_to_sit": null,
        "time_pressure": null,
        "conversation": null,
        "activity": null,
        "seating": null,
        "setting": "outdoor",
        "support_options": null,
        "why": null,
        "verified": false,
        "verified_date": null,
        "osm_tags": {
          "access": "private",
          "leisure": "garden",
          "name": "Norland Square Garden"
        }
      }
    },
    {
      "type": "Feature",
      "geometry": {
        "type": "Point",
        "coordinates": [
          -0.206111,
          51.509782
        ]
      },
      "properties": {
        "id": "osm:way/22924359",
        "name": "Hanover Gardens",
        "payment_to_enter": null,
        "payment_to_sit": null,
        "time_pressure": null,
        "conversation": null,
        "activity": null,
        "seating": null,
        "setting": "outdoor",
        "support_options": null,
        "why": null,
        "verified": false,
        "verified_date": null,
        "osm_tags": {
          "access": "private",
          "leisure": "garden",
          "name": "Hanover Gardens"
        }
      }
    },
    {
      "type": "Feature",
      "geometry": {
        "type": "Point",
        "coordinates": [
          -0.207142,
          51.51067
        ]
      },
      "properties": {
        "id": "osm:way/22924378",
        "name": "Notting Hill Garden",
        "payment_to_enter": null,
        "payment_to_sit": null,
        "time_pressure": null,
        "conversation": null,
        "activity": null,
        "seating": null,
        "setting": "outdoor",
        "support_options": null,
        "why": null,
        "verified": false,
        "verified_date": null,
        "osm_tags": {
          "access": "private",
          "leisure": "garden",
          "name": "Notting Hill Garden"
        }
      }
    },
    {
      "type": "Feature",
      "geometry": {
        "type": "Point",
        "coordinates": [
          -0.20637,
          51.511704
        ]
      },
      "properties": {
        "id": "osm:way/22924383",
        "name": "Lansdowne Crescent Garden",
        "payment_to_enter": null,
        "payment_to_sit": null,
        "time_pressure": null,
        "conversation": null,
        "activity": null,
        "seating": null,
        "setting": "outdoor",
        "support_options": null,
        "why": null,
        "verified": false,
        "verified_date": null,
        "osm_tags": {
          "access": "private",
          "leisure": "garden",
          "name": "Lansdowne Crescent Garden"
        }
      }
    },
    {
      "type": "Feature",
      "geometry": {
        "type": "Point",
        "coordinates": [
          -0.205207,
          51.511844
        ]
      },
      "properties": {
        "id": "osm:way/22924385",
        "name": "Stanley Crescent Garden",
        "payment_to_enter": null,
        "payment_to_sit": null,
        "time_pressure": null,
        "conversation": null,
        "activity": null,
        "seating": null,
        "setting": "outdoor",
        "support_options": null,
        "why": null,
        "verified": false,
        "verified_date": null,
        "osm_tags": {
          "access": "private",
          "leisure": "garden",
          "name": "Stanley Crescent Garden"
        }
      }
    },
    {
      "type": "Feature",
      "geometry": {
        "type": "Point",
        "coordinates": [
          -0.147869,
          51.526753
        ]
      },
      "properties": {
        "id": "osm:way/230322149",
        "name": "Avenue Gardens",
        "payment_to_enter": null,
        "payment_to_sit": null,
        "time_pressure": null,
        "conversation": null,
        "activity": null,
        "seating": null,
        "setting": "outdoor",
        "support_options": null,
        "why": null,
        "verified": false,
        "verified_date": null,
        "osm_tags": {
          "leisure": "garden",
          "name": "Avenue Gardens"
        }
      }
    },
    {
      "type": "Feature",
      "geometry": {
        "type": "Point",
        "coordinates": [
          -0.147558,
          51.504594
        ]
      },
      "properties": {
        "id": "osm:way/230381104",
        "name": "Living Wall",
        "payment_to_enter": null,
        "payment_to_sit": null,
        "time_pressure": null,
        "conversation": null,
        "activity": null,
        "seating": null,
        "setting": "outdoor",
        "support_options": null,
        "why": null,
        "verified": false,
        "verified_date": null,
        "osm_tags": {
          "access": "yes",
          "leisure": "garden",
          "name": "Living Wall",
          "operator": "The Athenaeum Hotel"
        }
      }
    },
    {
      "type": "Feature",
      "geometry": {
        "type": "Point",
        "coordinates": [
          -0.196776,
          51.51815
        ]
      },
      "properties": {
        "id": "osm:way/23591886",
        "name": "St Stephen's Gardens",
        "payment_to_enter": null,
        "payment_to_sit": null,
        "time_pressure": null,
        "conversation": null,
        "activity": null,
        "seating": null,
        "setting": "outdoor",
        "support_options": null,
        "why": null,
        "verified": false,
        "verified_date": null,
        "osm_tags": {
          "leisure": "garden",
          "name": "St Stephen's Gardens"
        }
      }
    },
    {
      "type": "Feature",
      "geometry": {
        "type": "Point",
        "coordinates": [
          -0.202073,
          51.50746
        ]
      },
      "properties": {
        "id": "osm:way/23592028",
        "name": "Campden Hill Square",
        "payment_to_enter": null,
        "payment_to_sit": null,
        "time_pressure": null,
        "conversation": null,
        "activity": null,
        "seating": null,
        "setting": "outdoor",
        "support_options": null,
        "why": null,
        "verified": false,
        "verified_date": null,
        "osm_tags": {
          "access": "private",
          "leisure": "garden",
          "name": "Campden Hill Square"
        }
      }
    },
    {
      "type": "Feature",
      "geometry": {
        "type": "Point",
        "coordinates": [
          -0.195516,
          51.511662
        ]
      },
      "properties": {
        "id": "osm:way/23592191",
        "name": "Pembridge Square Garden",
        "payment_to_enter": null,
        "payment_to_sit": null,
        "time_pressure": null,
        "conversation": null,
        "activity": null,
        "seating": null,
        "setting": "outdoor",
        "support_options": null,
        "why": null,
        "verified": false,
        "verified_date": null,
        "osm_tags": {
          "access": "private",
          "leisure": "garden",
          "name": "Pembridge Square Garden"
        }
      }
    },
    {
      "type": "Feature",
      "geometry": {
        "type": "Point",
        "coordinates": [
          -0.2042,
          51.512687
        ]
      },
      "properties": {
        "id": "osm:way/23597181",
        "name": "Stanley Gardens North",
        "payment_to_enter": null,
        "payment_to_sit": null,
        "time_pressure": null,
        "conversation": null,
        "activity": null,
        "seating": null,
        "setting": "outdoor",
        "support_options": null,
        "why": null,
        "verified": false,
        "verified_date": null,
        "osm_tags": {
          "access": "private",
          "leisure": "garden",
          "name": "Stanley Gardens North"
        }
      }
    },
    {
      "type": "Feature",
      "geometry": {
        "type": "Point",
        "coordinates": [
          -0.20311,
          51.511829
        ]
      },
      "properties": {
        "id": "osm:way/23597182",
        "name": "Stanley Gardens South",
        "payment_to_enter": null,
        "payment_to_sit": null,
        "time_pressure": null,
        "conversation": null,
        "activity": null,
        "seating": null,
        "setting": "outdoor",
        "support_options": null,
        "why": null,
        "verified": false,
        "verified_date": null,
        "osm_tags": {
          "access": "private",
          "leisure": "garden",
          "name": "Stanley Gardens South"
        }
      }
    },
    {
      "type": "Feature",
      "geometry": {
        "type": "Point",
        "coordinates": [
          -0.190102,
          51.514064
        ]
      },
      "properties": {
        "id": "osm:way/23601993",
        "name": "Kensington Gardens Square Garden",
        "payment_to_enter": null,
        "payment_to_sit": null,
        "time_pressure": null,
        "conversation": null,
        "activity": null,
        "seating": null,
        "setting": "outdoor",
        "support_options": null,
        "why": null,
        "verified": false,
        "verified_date": null,
        "osm_tags": {
          "access": "private",
          "leisure": "garden",
          "name": "Kensington Gardens Square Garden"
        }
      }
    },
    {
      "type": "Feature",
      "geometry": {
        "type": "Point",
        "coordinates": [
          -0.173303,
          51.513121
        ]
      },
      "properties": {
        "id": "osm:way/23607764",
        "name": "Sussex Square Gardens",
        "payment_to_enter": null,
        "payment_to_sit": null,
        "time_pressure": null,
        "conversation": null,
        "activity": null,
        "seating": null,
        "setting": "outdoor",
        "support_options": null,
        "why": null,
        "verified": false,
        "verified_date": null,
        "osm_tags": {
          "access": "private",
          "leisure": "garden",
          "name": "Sussex Square Gardens"
        }
      }
    },
    {
      "type": "Feature",
      "geometry": {
        "type": "Point",
        "coordinates": [
          -0.190401,
          51.514746
        ]
      },
      "properties": {
        "id": "osm:way/23608061",
        "name": "Kensington Gardens Square Garden",
        "payment_to_enter": null,
        "payment_to_sit": null,
        "time_pressure": null,
        "conversation": null,
        "activity": null,
        "seating": null,
        "setting": "outdoor",
        "support_options": null,
        "why": null,
        "verified": false,
        "verified_date": null,
        "osm_tags": {
          "access": "private",
          "leisure": "garden",
          "name": "Kensington Gardens Square Garden"
        }
      }
    },
    {
      "type": "Feature",
      "geometry": {
        "type": "Point",
        "coordinates": [
          -0.187265,
          51.517683
        ]
      },
      "properties": {
        "id": "osm:way/23610334",
        "name": "Porchester Square",
        "payment_to_enter": null,
        "payment_to_sit": null,
        "time_pressure": null,
        "conversation": null,
        "activity": null,
        "seating": null,
        "setting": "outdoor",
        "support_options": null,
        "why": null,
        "verified": false,
        "verified_date": null,
        "osm_tags": {
          "leisure": "garden",
          "name": "Porchester Square"
        }
      }
    },
    {
      "type": "Feature",
      "geometry": {
        "type": "Point",
        "coordinates": [
          -0.082462,
          51.50968
        ]
      },
      "properties": {
        "id": "osm:way/237519508",
        "name": "St Dunstan in the East Church Garden",
        "payment_to_enter": "none",
        "payment_to_sit": null,
        "time_pressure": null,
        "conversation": null,
        "activity": null,
        "seating": null,
        "setting": "outdoor",
        "support_options": null,
        "why": null,
        "verified": false,
        "verified_date": null,
        "osm_tags": {
          "access": "yes",
          "fee": "no",
          "leisure": "garden",
          "name": "St Dunstan in the East Church Garden",
          "opening_hours": "Mo-Su 08:00-19:00; Jan 01; Dec 25 off; Dec 26 off",
          "operator": "City of London Corporation"
        }
      }
    },
    {
      "type": "Feature",
      "geometry": {
        "type": "Point",
        "coordinates": [
          -0.099013,
          51.515861
        ]
      },
      "properties": {
        "id": "osm:way/240129732",
        "name": "Christchurch Greyfriars Garden",
        "payment_to_enter": null,
        "payment_to_sit": null,
        "time_pressure": null,
        "conversation": null,
        "activity": null,
        "seating": null,
        "setting": "outdoor",
        "support_options": null,
        "why": null,
        "verified": false,
        "verified_date": null,
        "osm_tags": {
          "access": "yes",
          "leisure": "garden",
          "name": "Christchurch Greyfriars Garden",
          "operator": "City of London Corporation"
        }
      }
    },
    {
      "type": "Feature",
      "geometry": {
        "type": "Point",
        "coordinates": [
          -0.141285,
          51.4907
        ]
      },
      "properties": {
        "id": "osm:way/24383960",
        "name": "Warwick Square",
        "payment_to_enter": null,
        "payment_to_sit": null,
        "time_pressure": null,
        "conversation": null,
        "activity": null,
        "seating": null,
        "setting": "outdoor",
        "support_options": null,
        "why": null,
        "verified": false,
        "verified_date": null,
        "osm_tags": {
          "access": "private",
          "leisure": "garden",
          "name": "Warwick Square"
        }
      }
    },
    {
      "type": "Feature",
      "geometry": {
        "type": "Point",
        "coordinates": [
          -0.144142,
          51.492062
        ]
      },
      "properties": {
        "id": "osm:way/24384003",
        "name": "Eccleston Square",
        "payment_to_enter": null,
        "payment_to_sit": null,
        "time_pressure": null,
        "conversation": null,
        "activity": null,
        "seating": null,
        "setting": "outdoor",
        "support_options": null,
        "why": null,
        "verified": false,
        "verified_date": null,
        "osm_tags": {
          "access": "private",
          "leisure": "garden",
          "name": "Eccleston Square"
        }
      }
    },
    {
      "type": "Feature",
      "geometry": {
        "type": "Point",
        "coordinates": [
          -0.181925,
          51.49643
        ]
      },
      "properties": {
        "id": "osm:way/24390402",
        "name": "Queen's Gate Gardens",
        "payment_to_enter": null,
        "payment_to_sit": null,
        "time_pressure": null,
        "conversation": null,
        "activity": null,
        "seating": null,
        "setting": "outdoor",
        "support_options": null,
        "why": null,
        "verified": false,
        "verified_date": null,
        "osm_tags": {
          "access": "private",
          "leisure": "garden",
          "name": "Queen's Gate Gardens"
        }
      }
    },
    {
      "type": "Feature",
      "geometry": {
        "type": "Point",
        "coordinates": [
          -0.180762,
          51.494191
        ]
      },
      "properties": {
        "id": "osm:way/24390451",
        "name": "Stanhope Gardens",
        "payment_to_enter": null,
        "payment_to_sit": null,
        "time_pressure": null,
        "conversation": null,
        "activity": null,
        "seating": null,
        "setting": "outdoor",
        "support_options": null,
        "why": null,
        "verified": false,
        "verified_date": null,
        "osm_tags": {
          "access": "private",
          "leisure": "garden",
          "name": "Stanhope Gardens"
        }
      }
    },
    {
      "type": "Feature",
      "geometry": {
        "type": "Point",
        "coordinates": [
          -0.166561,
          51.500216
        ]
      },
      "properties": {
        "id": "osm:way/244308391",
        "name": "Montpelier Square",
        "payment_to_enter": null,
        "payment_to_sit": null,
        "time_pressure": null,
        "conversation": null,
        "activity": null,
        "seating": null,
        "setting": "outdoor",
        "support_options": null,
        "why": null,
        "verified": false,
        "verified_date": null,
        "osm_tags": {
          "access": "private",
          "leisure": "garden",
          "name": "Montpelier Square"
        }
      }
    },
    {
      "type": "Feature",
      "geometry": {
        "type": "Point",
        "coordinates": [
          -0.172368,
          51.497117
        ]
      },
      "properties": {
        "id": "osm:way/24436380",
        "name": "John Madejski Garden",
        "payment_to_enter": null,
        "payment_to_sit": null,
        "time_pressure": null,
        "conversation": null,
        "activity": null,
        "seating": null,
        "setting": "outdoor",
        "support_options": null,
        "why": null,
        "verified": false,
        "verified_date": null,
        "osm_tags": {
          "access": "permissive",
          "leisure": "garden",
          "name": "John Madejski Garden"
        }
      }
    },
    {
      "type": "Feature",
      "geometry": {
        "type": "Point",
        "coordinates": [
          -0.178448,
          51.495875
        ]
      },
      "properties": {
        "id": "osm:way/24436409",
        "name": "Wildlife Garden",
        "payment_to_enter": null,
        "payment_to_sit": null,
        "time_pressure": null,
        "conversation": null,
        "activity": null,
        "seating": null,
        "setting": "outdoor",
        "support_options": null,
        "why": null,
        "verified": false,
        "verified_date": null,
        "osm_tags": {
          "leisure": "garden",
          "name": "Wildlife Garden"
        }
      }
    },
    {
      "type": "Feature",
      "geometry": {
        "type": "Point",
        "coordinates": [
          -0.174812,
          51.496018
        ]
      },
      "properties": {
        "id": "osm:way/24436436",
        "name": "East Lawn",
        "payment_to_enter": null,
        "payment_to_sit": null,
        "time_pressure": null,
        "conversation": null,
        "activity": null,
        "seating": null,
        "setting": "outdoor",
        "support_options": null,
        "why": null,
        "verified": false,
        "verified_date": null,
        "osm_tags": {
          "leisure": "garden",
          "name": "East Lawn"
        }
      }
    },
    {
      "type": "Feature",
      "geometry": {
        "type": "Point",
        "coordinates": [
          -0.176022,
          51.496455
        ]
      },
      "properties": {
        "id": "osm:way/24436446",
        "name": "Natural History Museum",
        "payment_to_enter": "none",
        "payment_to_sit": null,
        "time_pressure": null,
        "conversation": null,
        "activity": null,
        "seating": null,
        "setting": "indoor",
        "support_options": null,
        "why": null,
        "verified": false,
        "verified_date": null,
        "osm_tags": {
          "fee": "no",
          "name": "Natural History Museum",
          "opening_hours": "10:00-17:30",
          "tourism": "museum",
          "wheelchair": "limited"
        }
      }
    },
    {
      "type": "Feature",
      "geometry": {
        "type": "Point",
        "coordinates": [
          -0.173631,
          51.492373
        ]
      },
      "properties": {
        "id": "osm:way/24436533",
        "name": "Onslow Square",
        "payment_to_enter": null,
        "payment_to_sit": null,
        "time_pressure": null,
        "conversation": null,
        "activity": null,
        "seating": null,
        "setting": "outdoor",
        "support_options": null,
        "why": null,
        "verified": false,
        "verified_date": null,
        "osm_tags": {
          "access": "private",
          "leisure": "garden",
          "name": "Onslow Square"
        }
      }
    },
    {
      "type": "Feature",
      "geometry": {
        "type": "Point",
        "coordinates": [
          -0.099386,
          51.507429
        ]
      },
      "properties": {
        "id": "osm:way/24642569",
        "name": "Tate Modern",
        "payment_to_enter": "none",
        "payment_to_sit": null,
        "time_pressure": null,
        "conversation": null,
        "activity": null,
        "seating": null,
        "setting": "indoor",
        "support_options": null,
        "why": null,
        "verified": false,
        "verified_date": null,
        "osm_tags": {
          "amenity": "arts_centre",
          "fee": "no",
          "internet_access": "wlan",
          "name": "Tate Modern",
          "opening_hours": "Su-Th 10:00-18:00; Fr-Sa 10:00-21:00",
          "toilets": "yes",
          "tourism": "gallery",
          "wheelchair": "yes"
        }
      }
    },
    {
      "type": "Feature",
      "geometry": {
        "type": "Point",
        "coordinates": [
          -0.082118,
          51.51682
        ]
      },
      "properties": {
        "id": "osm:way/247645534",
        "name": "St Botolph's Church Hall",
        "payment_to_enter": null,
        "payment_to_sit": null,
        "time_pressure": null,
        "conversation": null,
        "activity": null,
        "seating": null,
        "setting": "indoor",
        "support_options": null,
        "why": null,
        "verified": false,
        "verified_date": null,
        "osm_tags": {
          "amenity": "community_centre",
          "name": "St Botolph's Church Hall",
          "wheelchair": "yes"
        }
      }
    },
    {
      "type": "Feature",
      "geometry": {
        "type": "Point",
        "coordinates": [
          -0.081883,
          51.516642
        ]
      },
      "properties": {
        "id": "osm:way/247645538",
        "name": "St Botolph without Bishopsgate Churchyard",
        "payment_to_enter": null,
        "payment_to_sit": null,
        "time_pressure": null,
        "conversation": null,
        "activity": null,
        "seating": null,
        "setting": "outdoor",
        "support_options": null,
        "why": null,
        "verified": false,
        "verified_date": null,
        "osm_tags": {
          "leisure": "garden",
          "name": "St Botolph without Bishopsgate Churchyard",
          "operator": "City of London Corporation",
          "wheelchair": "yes"
        }
      }
    },
    {
      "type": "Feature",
      "geometry": {
        "type": "Point",
        "coordinates": [
          -0.136938,
          51.507322
        ]
      },
      "properties": {
        "id": "osm:way/256633845",
        "name": "London Library",
        "payment_to_enter": null,
        "payment_to_sit": null,
        "time_pressure": null,
        "conversation": null,
        "activity": null,
        "seating": null,
        "setting": "indoor",
        "support_options": null,
        "why": null,
        "verified": false,
        "verified_date": null,
        "osm_tags": {
          "access": "customers",
          "amenity": "library",
          "name": "London Library"
        }
      }
    },
    {
      "type": "Feature",
      "geometry": {
        "type": "Point",
        "coordinates": [
          -0.06791,
          51.510784
        ]
      },
      "properties": {
        "id": "osm:way/257192112",
        "name": "Jack the Ripper Museum",
        "payment_to_enter": "required",
        "payment_to_sit": null,
        "time_pressure": null,
        "conversation": null,
        "activity": null,
        "seating": null,
        "setting": "indoor",
        "support_options": null,
        "why": null,
        "verified": false,
        "verified_date": null,
        "osm_tags": {
          "fee": "yes",
          "name": "Jack the Ripper Museum",
          "opening_hours": "Mo-Su 09:30-18:00",
          "tourism": "museum",
          "wheelchair": "yes"
        }
      }
    },
    {
      "type": "Feature",
      "geometry": {
        "type": "Point",
        "coordinates": [
          -0.190357,
          51.496108
        ]
      },
      "properties": {
        "id": "osm:way/25742457",
        "name": "Lexham Gardens",
        "payment_to_enter": null,
        "payment_to_sit": null,
        "time_pressure": null,
        "conversation": null,
        "activity": null,
        "seating": null,
        "setting": "outdoor",
        "support_options": null,
        "why": null,
        "verified": false,
        "verified_date": null,
        "osm_tags": {
          "access": "private",
          "leisure": "garden",
          "name": "Lexham Gardens"
        }
      }
    },
    {
      "type": "Feature",
      "geometry": {
        "type": "Point",
        "coordinates": [
          -0.069109,
          51.512803
        ]
      },
      "properties": {
        "id": "osm:way/260640924",
        "name": "Four Seasons Garden",
        "payment_to_enter": null,
        "payment_to_sit": null,
        "time_pressure": null,
        "conversation": null,
        "activity": null,
        "seating": null,
        "setting": "outdoor",
        "support_options": null,
        "why": null,
        "verified": false,
        "verified_date": null,
        "osm_tags": {
          "leisure": "garden",
          "name": "Four Seasons Garden"
        }
      }
    },
    {
      "type": "Feature",
      "geometry": {
        "type": "Point",
        "coordinates": [
          -0.164555,
          51.500437
        ]
      },
      "properties": {
        "id": "osm:way/262996975",
        "name": "Trevor Square",
        "payment_to_enter": null,
        "payment_to_sit": null,
        "time_pressure": null,
        "conversation": null,
        "activity": null,
        "seating": null,
        "setting": "outdoor",
        "support_options": null,
        "why": null,
        "verified": false,
        "verified_date": null,
        "osm_tags": {
          "access": "private",
          "leisure": "garden",
          "name": "Trevor Square"
        }
      }
    },
    {
      "type": "Feature",
      "geometry": {
        "type": "Point",
        "coordinates": [
          -0.168683,
          51.497966
        ]
      },
      "properties": {
        "id": "osm:way/262996977",
        "name": "Brompton Square",
        "payment_to_enter": null,
        "payment_to_sit": null,
        "time_pressure": null,
        "conversation": null,
        "activity": null,
        "seating": null,
        "setting": "outdoor",
        "support_options": null,
        "why": null,
        "verified": false,
        "verified_date": null,
        "osm_tags": {
          "leisure": "garden",
          "name": "Brompton Square"
        }
      }
    },
    {
      "type": "Feature",
      "geometry": {
        "type": "Point",
        "coordinates": [
          -0.168173,
          51.501365
        ]
      },
      "properties": {
        "id": "osm:way/263645802",
        "name": "Rutland Gate Upper Garden",
        "payment_to_enter": null,
        "payment_to_sit": null,
        "time_pressure": null,
        "conversation": null,
        "activity": null,
        "seating": null,
        "setting": "outdoor",
        "support_options": null,
        "why": null,
        "verified": false,
        "verified_date": null,
        "osm_tags": {
          "access": "private",
          "leisure": "garden",
          "name": "Rutland Gate Upper Garden"
        }
      }
    },
    {
      "type": "Feature",
      "geometry": {
        "type": "Point",
        "coordinates": [
          -0.111591,
          51.528588
        ]
      },
      "properties": {
        "id": "osm:way/266640847",
        "name": "Lloyd Square",
        "payment_to_enter": null,
        "payment_to_sit": null,
        "time_pressure": null,
        "conversation": null,
        "activity": null,
        "seating": null,
        "setting": "outdoor",
        "support_options": null,
        "why": null,
        "verified": false,
        "verified_date": null,
        "osm_tags": {
          "access": "private",
          "leisure": "garden",
          "name": "Lloyd Square"
        }
      }
    },
    {
      "type": "Feature",
      "geometry": {
        "type": "Point",
        "coordinates": [
          -0.151769,
          51.527546
        ]
      },
      "properties": {
        "id": "osm:way/26747355",
        "name": "The Rose Garden",
        "payment_to_enter": "none",
        "payment_to_sit": null,
        "time_pressure": null,
        "conversation": null,
        "activity": null,
        "seating": null,
        "setting": "outdoor",
        "support_options": null,
        "why": null,
        "verified": false,
        "verified_date": null,
        "osm_tags": {
          "access": "permissive",
          "fee": "no",
          "leisure": "garden",
          "name": "The Rose Garden"
        }
      }
    },
    {
      "type": "Feature",
      "geometry": {
        "type": "Point",
        "coordinates": [
          -0.151502,
          51.529179
        ]
      },
      "properties": {
        "id": "osm:way/26747360",
        "name": "St John's Lodge Garden",
        "payment_to_enter": "none",
        "payment_to_sit": null,
        "time_pressure": null,
        "conversation": null,
        "activity": null,
        "seating": null,
        "setting": "outdoor",
        "support_options": null,
        "why": null,
        "verified": false,
        "verified_date": null,
        "osm_tags": {
          "access": "permissive",
          "fee": "no",
          "leisure": "garden",
          "name": "St John's Lodge Garden",
          "operator": "Royal Parks"
        }
      }
    },
    {
      "type": "Feature",
      "geometry": {
        "type": "Point",
        "coordinates": [
          -0.163856,
          51.514338
        ]
      },
      "properties": {
        "id": "osm:way/26988690",
        "name": "Connaught Square",
        "payment_to_enter": null,
        "payment_to_sit": null,
        "time_pressure": null,
        "conversation": null,
        "activity": null,
        "seating": null,
        "setting": "outdoor",
        "support_options": null,
        "why": null,
        "verified": false,
        "verified_date": null,
        "osm_tags": {
          "access": "private",
          "leisure": "garden",
          "name": "Connaught Square"
        }
      }
    },
    {
      "type": "Feature",
      "geometry": {
        "type": "Point",
        "coordinates": [
          -0.166963,
          51.516159
        ]
      },
      "properties": {
        "id": "osm:way/26988798",
        "name": "Norfolk Crescent Garden",
        "payment_to_enter": null,
        "payment_to_sit": null,
        "time_pressure": null,
        "conversation": null,
        "activity": null,
        "seating": null,
        "setting": "outdoor",
        "support_options": null,
        "why": null,
        "verified": false,
        "verified_date": null,
        "osm_tags": {
          "access": "private",
          "leisure": "garden",
          "name": "Norfolk Crescent Garden"
        }
      }
    },
    {
      "type": "Feature",
      "geometry": {
        "type": "Point",
        "coordinates": [
          -0.163129,
          51.532093
        ]
      },
      "properties": {
        "id": "osm:way/26989485",
        "name": "Winter Gardens",
        "payment_to_enter": null,
        "payment_to_sit": null,
        "time_pressure": null,
        "conversation": null,
        "activity": null,
        "seating": null,
        "setting": "outdoor",
        "support_options": null,
        "why": null,
        "verified": false,
        "verified_date": null,
        "osm_tags": {
          "leisure": "garden",
          "name": "Winter Gardens"
        }
      }
    },
    {
      "type": "Feature",
      "geometry": {
        "type": "Point",
        "coordinates": [
          -0.166236,
          51.525258
        ]
      },
      "properties": {
        "id": "osm:way/27005741",
        "name": "Lisson Green Estate Office",
        "payment_to_enter": null,
        "payment_to_sit": null,
        "time_pressure": null,
        "conversation": null,
        "activity": null,
        "seating": null,
        "setting": "indoor",
        "support_options": null,
        "why": null,
        "verified": false,
        "verified_date": null,
        "osm_tags": {
          "amenity": "community_centre",
          "name": "Lisson Green Estate Office"
        }
      }
    },
    {
      "type": "Feature",
      "geometry": {
        "type": "Point",
        "coordinates": [
          -0.174493,
          51.51485
        ]
      },
      "properties": {
        "id": "osm:way/273228890",
        "name": "Talbot Square Gardens",
        "payment_to_enter": null,
        "payment_to_sit": null,
        "time_pressure": null,
        "conversation": null,
        "activity": null,
        "seating": null,
        "setting": "outdoor",
        "support_options": null,
        "why": null,
        "verified": false,
        "verified_date": null,
        "osm_tags": {
          "access": "yes",
          "leisure": "garden",
          "name": "Talbot Square Gardens"
        }
      }
    },
    {
      "type": "Feature",
      "geometry": {
        "type": "Point",
        "coordinates": [
          -0.132984,
          51.523578
        ]
      },
      "properties": {
        "id": "osm:way/27703085",
        "name": "Petrie Museum of Egyptian Archeology",
        "payment_to_enter": "none",
        "payment_to_sit": null,
        "time_pressure": null,
        "conversation": null,
        "activity": null,
        "seating": null,
        "setting": "indoor",
        "support_options": null,
        "why": null,
        "verified": false,
        "verified_date": null,
        "osm_tags": {
          "fee": "no",
          "name": "Petrie Museum of Egyptian Archeology",
          "opening_hours": "Tu-Sa 13:00-17:00",
          "operator": "UCL",
          "tourism": "museum",
          "wheelchair": "limited"
        }
      }
    },
    {
      "type": "Feature",
      "geometry": {
        "type": "Point",
        "coordinates": [
          -0.176231,
          51.497397
        ]
      },
      "properties": {
        "id": "osm:way/27765411",
        "name": "Science Museum",
        "payment_to_enter": "none",
        "payment_to_sit": null,
        "time_pressure": null,
        "conversation": null,
        "activity": null,
        "seating": null,
        "setting": "indoor",
        "support_options": null,
        "why": null,
        "verified": false,
        "verified_date": null,
        "osm_tags": {
          "fee": "no",
          "name": "Science Museum",
          "opening_hours": "Mo-Su 10:00-18:00",
          "tourism": "museum",
          "wheelchair": "limited"
        }
      }
    },
    {
      "type": "Feature",
      "geometry": {
        "type": "Point",
        "coordinates": [
          -0.121673,
          51.525214
        ]
      },
      "properties": {
        "id": "osm:way/28269975",
        "name": "Foundling Museum",
        "payment_to_enter": "required",
        "payment_to_sit": null,
        "time_pressure": null,
        "conversation": null,
        "activity": null,
        "seating": null,
        "setting": "indoor",
        "support_options": null,
        "why": null,
        "verified": false,
        "verified_date": null,
        "osm_tags": {
          "fee": "yes",
          "name": "Foundling Museum",
          "tourism": "museum"
        }
      }
    },
    {
      "type": "Feature",
      "geometry": {
        "type": "Point",
        "coordinates": [
          -0.079839,
          51.516236
        ]
      },
      "properties": {
        "id": "osm:way/287891926",
        "name": "Jubilee Gardens",
        "payment_to_enter": null,
        "payment_to_sit": null,
        "time_pressure": null,
        "conversation": null,
        "activity": null,
        "seating": null,
        "setting": "outdoor",
        "support_options": null,
        "why": null,
        "verified": false,
        "verified_date": null,
        "osm_tags": {
          "leisure": "garden",
          "name": "Jubilee Gardens",
          "operator": "City of London Corporation",
          "wheelchair": "yes"
        }
      }
    },
    {
      "type": "Feature",
      "geometry": {
        "type": "Point",
        "coordinates": [
          -0.076737,
          51.515561
        ]
      },
      "properties": {
        "id": "osm:way/288278168",
        "name": "Artizan Street Library and Community Centre",
        "payment_to_enter": null,
        "payment_to_sit": null,
        "time_pressure": null,
        "conversation": null,
        "activity": null,
        "seating": null,
        "setting": "indoor",
        "support_options": null,
        "why": null,
        "verified": false,
        "verified_date": null,
        "osm_tags": {
          "amenity": "library",
          "name": "Artizan Street Library and Community Centre",
          "wheelchair": "yes"
        }
      }
    },
    {
      "type": "Feature",
      "geometry": {
        "type": "Point",
        "coordinates": [
          -0.202725,
          51.515865
        ]
      },
      "properties": {
        "id": "osm:way/289885111",
        "name": "Colville Gardens",
        "payment_to_enter": null,
        "payment_to_sit": null,
        "time_pressure": null,
        "conversation": null,
        "activity": null,
        "seating": null,
        "setting": "outdoor",
        "support_options": null,
        "why": null,
        "verified": false,
        "verified_date": null,
        "osm_tags": {
          "access": "private",
          "leisure": "garden",
          "name": "Colville Gardens"
        }
      }
    },
    {
      "type": "Feature",
      "geometry": {
        "type": "Point",
        "coordinates": [
          -0.125126,
          51.525293
        ]
      },
      "properties": {
        "id": "osm:way/290459100",
        "name": "Marchmont Community Centre",
        "payment_to_enter": null,
        "payment_to_sit": null,
        "time_pressure": null,
        "conversation": null,
        "activity": null,
        "seating": null,
        "setting": "indoor",
        "support_options": null,
        "why": null,
        "verified": false,
        "verified_date": null,
        "osm_tags": {
          "amenity": "community_centre",
          "name": "Marchmont Community Centre",
          "opening_hours": "Mo-Fr 10:00-17:00"
        }
      }
    },
    {
      "type": "Feature",
      "geometry": {
        "type": "Point",
        "coordinates": [
          -0.101904,
          51.506694
        ]
      },
      "properties": {
        "id": "osm:way/29066279",
        "name": "Hopton's Gardens",
        "payment_to_enter": null,
        "payment_to_sit": null,
        "time_pressure": null,
        "conversation": null,
        "activity": null,
        "seating": null,
        "setting": "outdoor",
        "support_options": null,
        "why": null,
        "verified": false,
        "verified_date": null,
        "osm_tags": {
          "access": "private",
          "leisure": "garden",
          "name": "Hopton's Gardens"
        }
      }
    },
    {
      "type": "Feature",
      "geometry": {
        "type": "Point",
        "coordinates": [
          -0.095358,
          51.511797
        ]
      },
      "properties": {
        "id": "osm:way/29089421",
        "name": "Cleary Garden",
        "payment_to_enter": null,
        "payment_to_sit": null,
        "time_pressure": null,
        "conversation": null,
        "activity": null,
        "seating": null,
        "setting": "outdoor",
        "support_options": null,
        "why": null,
        "verified": false,
        "verified_date": null,
        "osm_tags": {
          "leisure": "garden",
          "name": "Cleary Garden",
          "operator": "City of London Corporation"
        }
      }
    },
    {
      "type": "Feature",
      "geometry": {
        "type": "Point",
        "coordinates": [
          -0.096013,
          51.513111
        ]
      },
      "properties": {
        "id": "osm:way/29089423",
        "name": "Reflection Garden",
        "payment_to_enter": null,
        "payment_to_sit": null,
        "time_pressure": null,
        "conversation": null,
        "activity": null,
        "seating": null,
        "setting": "outdoor",
        "support_options": null,
        "why": null,
        "verified": false,
        "verified_date": null,
        "osm_tags": {
          "leisure": "garden",
          "name": "Reflection Garden"
        }
      }
    },
    {
      "type": "Feature",
      "geometry": {
        "type": "Point",
        "coordinates": [
          -0.109843,
          51.516187
        ]
      },
      "properties": {
        "id": "osm:way/29206501",
        "name": "St Dunstan-in-the-West Burial Ground",
        "payment_to_enter": null,
        "payment_to_sit": null,
        "time_pressure": null,
        "conversation": null,
        "activity": null,
        "seating": null,
        "setting": "outdoor",
        "support_options": null,
        "why": null,
        "verified": false,
        "verified_date": null,
        "osm_tags": {
          "leisure": "garden",
          "name": "St Dunstan-in-the-West Burial Ground",
          "operator": "City of London Corporation"
        }
      }
    },
    {
      "type": "Feature",
      "geometry": {
        "type": "Point",
        "coordinates": [
          -0.117626,
          51.526892
        ]
      },
      "properties": {
        "id": "osm:way/29390531",
        "name": "Calthorpe Community Garden",
        "payment_to_enter": null,
        "payment_to_sit": null,
        "time_pressure": null,
        "conversation": null,
        "activity": null,
        "seating": null,
        "setting": "outdoor",
        "support_options": null,
        "why": null,
        "verified": false,
        "verified_date": null,
        "osm_tags": {
          "leisure": "garden",
          "name": "Calthorpe Community Garden"
        }
      }
    },
    {
      "type": "Feature",
      "geometry": {
        "type": "Point",
        "coordinates": [
          -0.106773,
          51.525263
        ]
      },
      "properties": {
        "id": "osm:way/294403102",
        "name": "3 Corners Centre",
        "payment_to_enter": null,
        "payment_to_sit": null,
        "time_pressure": null,
        "conversation": null,
        "activity": null,
        "seating": null,
        "setting": "indoor",
        "support_options": null,
        "why": null,
        "verified": false,
        "verified_date": null,
        "osm_tags": {
          "amenity": "community_centre",
          "name": "3 Corners Centre"
        }
      }
    },
    {
      "type": "Feature",
      "geometry": {
        "type": "Point",
        "coordinates": [
          -0.19275,
          51.489831
        ]
      },
      "properties": {
        "id": "osm:way/29480920",
        "name": "Earl's Court Square Garden",
        "payment_to_enter": null,
        "payment_to_sit": null,
        "time_pressure": null,
        "conversation": null,
        "activity": null,
        "seating": null,
        "setting": "outdoor",
        "support_options": null,
        "why": null,
        "verified": false,
        "verified_date": null,
        "osm_tags": {
          "access": "private",
          "leisure": "garden",
          "name": "Earl's Court Square Garden"
        }
      }
    },
    {
      "type": "Feature",
      "geometry": {
        "type": "Point",
        "coordinates": [
          -0.09255,
          51.517314
        ]
      },
      "properties": {
        "id": "osm:way/295363861",
        "name": "Brewers' Hall Garden",
        "payment_to_enter": "none",
        "payment_to_sit": null,
        "time_pressure": null,
        "conversation": null,
        "activity": null,
        "seating": null,
        "setting": "outdoor",
        "support_options": null,
        "why": null,
        "verified": false,
        "verified_date": null,
        "osm_tags": {
          "access": "yes",
          "fee": "no",
          "leisure": "garden",
          "name": "Brewers' Hall Garden",
          "operator": "City of London Corporation"
        }
      }
    },
    {
      "type": "Feature",
      "geometry": {
        "type": "Point",
        "coordinates": [
          -0.090175,
          51.517003
        ]
      },
      "properties": {
        "id": "osm:way/295364619",
        "name": "Girdlers' Garden",
        "payment_to_enter": null,
        "payment_to_sit": null,
        "time_pressure": null,
        "conversation": null,
        "activity": null,
        "seating": null,
        "setting": "outdoor",
        "support_options": null,
        "why": null,
        "verified": false,
        "verified_date": null,
        "osm_tags": {
          "access": "yes",
          "leisure": "garden",
          "name": "Girdlers' Garden",
          "wheelchair": "yes"
        }
      }
    },
    {
      "type": "Feature",
      "geometry": {
        "type": "Point",
        "coordinates": [
          -0.091192,
          51.523733
        ]
      },
      "properties": {
        "id": "osm:way/296949766",
        "name": "Quaker Court",
        "payment_to_enter": null,
        "payment_to_sit": null,
        "time_pressure": null,
        "conversation": null,
        "activity": null,
        "seating": null,
        "setting": "outdoor",
        "support_options": null,
        "why": null,
        "verified": false,
        "verified_date": null,
        "osm_tags": {
          "leisure": "garden",
          "name": "Quaker Court"
        }
      }
    },
    {
      "type": "Feature",
      "geometry": {
        "type": "Point",
        "coordinates": [
          -0.160041,
          51.50249
        ]
      },
      "properties": {
        "id": "osm:way/298212223",
        "name": "Roseberry Garden",
        "payment_to_enter": null,
        "payment_to_sit": null,
        "time_pressure": null,
        "conversation": null,
        "activity": null,
        "seating": null,
        "setting": "outdoor",
        "support_options": null,
        "why": null,
        "verified": false,
        "verified_date": null,
        "osm_tags": {
          "access": "customers",
          "leisure": "garden",
          "name": "Roseberry Garden",
          "operator": "Mandarin Oriental",
          "wheelchair": "yes"
        }
      }
    },
    {
      "type": "Feature",
      "geometry": {
        "type": "Point",
        "coordinates": [
          -0.150706,
          51.507685
        ]
      },
      "properties": {
        "id": "osm:way/299028954",
        "name": "The Nehru Centre",
        "payment_to_enter": null,
        "payment_to_sit": null,
        "time_pressure": null,
        "conversation": null,
        "activity": null,
        "seating": null,
        "setting": "indoor",
        "support_options": null,
        "why": null,
        "verified": false,
        "verified_date": null,
        "osm_tags": {
          "amenity": "arts_centre",
          "name": "The Nehru Centre"
        }
      }
    },
    {
      "type": "Feature",
      "geometry": {
        "type": "Point",
        "coordinates": [
          -0.132533,
          51.521733
        ]
      },
      "properties": {
        "id": "osm:way/30275204",
        "name": "Ridgmount Gardens",
        "payment_to_enter": null,
        "payment_to_sit": null,
        "time_pressure": null,
        "conversation": null,
        "activity": null,
        "seating": null,
        "setting": "outdoor",
        "support_options": null,
        "why": null,
        "verified": false,
        "verified_date": null,
        "osm_tags": {
          "leisure": "garden",
          "name": "Ridgmount Gardens"
        }
      }
    },
    {
      "type": "Feature",
      "geometry": {
        "type": "Point",
        "coordinates": [
          -0.110365,
          51.531233
        ]
      },
      "properties": {
        "id": "osm:way/30574368",
        "name": "Claremont Square",
        "payment_to_enter": null,
        "payment_to_sit": null,
        "time_pressure": null,
        "conversation": null,
        "activity": null,
        "seating": null,
        "setting": "outdoor",
        "support_options": null,
        "why": null,
        "verified": false,
        "verified_date": null,
        "osm_tags": {
          "access": "no",
          "leisure": "garden",
          "name": "Claremont Square"
        }
      }
    },
    {
      "type": "Feature",
      "geometry": {
        "type": "Point",
        "coordinates": [
          -0.184091,
          51.491751
        ]
      },
      "properties": {
        "id": "osm:way/30800309",
        "name": "Bina Gardens West",
        "payment_to_enter": null,
        "payment_to_sit": null,
        "time_pressure": null,
        "conversation": null,
        "activity": null,
        "seating": null,
        "setting": "outdoor",
        "support_options": null,
        "why": null,
        "verified": false,
        "verified_date": null,
        "osm_tags": {
          "access": "private",
          "leisure": "garden",
          "name": "Bina Gardens West"
        }
      }
    },
    {
      "type": "Feature",
      "geometry": {
        "type": "Point",
        "coordinates": [
          -0.084345,
          51.501145
        ]
      },
      "properties": {
        "id": "osm:way/31172690",
        "name": "Bermondsey Village Hall",
        "payment_to_enter": null,
        "payment_to_sit": null,
        "time_pressure": null,
        "conversation": null,
        "activity": null,
        "seating": null,
        "setting": "indoor",
        "support_options": null,
        "why": null,
        "verified": false,
        "verified_date": null,
        "osm_tags": {
          "amenity": "community_centre",
          "name": "Bermondsey Village Hall"
        }
      }
    },
    {
      "type": "Feature",
      "geometry": {
        "type": "Point",
        "coordinates": [
          -0.139698,
          51.509264
        ]
      },
      "properties": {
        "id": "osm:way/31510288",
        "name": "Royal Academy of Arts",
        "payment_to_enter": null,
        "payment_to_sit": null,
        "time_pressure": null,
        "conversation": null,
        "activity": null,
        "seating": null,
        "setting": "indoor",
        "support_options": null,
        "why": null,
        "verified": false,
        "verified_date": null,
        "osm_tags": {
          "name": "Royal Academy of Arts",
          "tourism": "museum",
          "wheelchair": "yes"
        }
      }
    },
    {
      "type": "Feature",
      "geometry": {
        "type": "Point",
        "coordinates": [
          -0.173426,
          51.515888
        ]
      },
      "properties": {
        "id": "osm:way/3178749",
        "name": "Norfolk Square Garden",
        "payment_to_enter": null,
        "payment_to_sit": null,
        "time_pressure": null,
        "conversation": null,
        "activity": null,
        "seating": null,
        "setting": "outdoor",
        "support_options": null,
        "why": null,
        "verified": false,
        "verified_date": null,
        "osm_tags": {
          "leisure": "garden",
          "name": "Norfolk Square Garden",
          "operator": "City of Westminster"
        }
      }
    },
    {
      "type": "Feature",
      "geometry": {
        "type": "Point",
        "coordinates": [
          -0.181508,
          51.4924
        ]
      },
      "properties": {
        "id": "osm:way/31798616",
        "name": "Hereford Square Garden",
        "payment_to_enter": null,
        "payment_to_sit": null,
        "time_pressure": null,
        "conversation": null,
        "activity": null,
        "seating": null,
        "setting": "outdoor",
        "support_options": null,
        "why": null,
        "verified": false,
        "verified_date": null,
        "osm_tags": {
          "access": "private",
          "leisure": "garden",
          "name": "Hereford Square Garden"
        }
      }
    },
    {
      "type": "Feature",
      "geometry": {
        "type": "Point",
        "coordinates": [
          -0.155737,
          51.515696
        ]
      },
      "properties": {
        "id": "osm:way/32008832",
        "name": "Portman Square Garden",
        "payment_to_enter": null,
        "payment_to_sit": null,
        "time_pressure": null,
        "conversation": null,
        "activity": null,
        "seating": null,
        "setting": "outdoor",
        "support_options": null,
        "why": null,
        "verified": false,
        "verified_date": null,
        "osm_tags": {
          "access": "private",
          "leisure": "garden",
          "name": "Portman Square Garden"
        }
      }
    },
    {
      "type": "Feature",
      "geometry": {
        "type": "Point",
        "coordinates": [
          -0.115481,
          51.505164
        ]
      },
      "properties": {
        "id": "osm:way/326243106",
        "name": "The Whitehouse Garden",
        "payment_to_enter": null,
        "payment_to_sit": null,
        "time_pressure": null,
        "conversation": null,
        "activity": null,
        "seating": null,
        "setting": "outdoor",
        "support_options": null,
        "why": null,
        "verified": false,
        "verified_date": null,
        "osm_tags": {
          "access": "permissive",
          "leisure": "garden",
          "name": "The Whitehouse Garden"
        }
      }
    },
    {
      "type": "Feature",
      "geometry": {
        "type": "Point",
        "coordinates": [
          -0.077508,
          51.503674
        ]
      },
      "properties": {
        "id": "osm:way/327886447",
        "name": "Podium Garden",
        "payment_to_enter": null,
        "payment_to_sit": null,
        "time_pressure": null,
        "conversation": null,
        "activity": null,
        "seating": null,
        "setting": "outdoor",
        "support_options": null,
        "why": null,
        "verified": false,
        "verified_date": null,
        "osm_tags": {
          "leisure": "garden",
          "name": "Podium Garden"
        }
      }
    },
    {
      "type": "Feature",
      "geometry": {
        "type": "Point",
        "coordinates": [
          -0.109889,
          51.496663
        ]
      },
      "properties": {
        "id": "osm:way/331964874",
        "name": "World Garden",
        "payment_to_enter": null,
        "payment_to_sit": null,
        "time_pressure": null,
        "conversation": null,
        "activity": null,
        "seating": null,
        "setting": "outdoor",
        "support_options": null,
        "why": null,
        "verified": false,
        "verified_date": null,
        "osm_tags": {
          "leisure": "garden",
          "name": "World Garden"
        }
      }
    },
    {
      "type": "Feature",
      "geometry": {
        "type": "Point",
        "coordinates": [
          -0.204558,
          51.503077
        ]
      },
      "properties": {
        "id": "osm:way/332328663",
        "name": "Kyoto Garden",
        "payment_to_enter": null,
        "payment_to_sit": null,
        "time_pressure": null,
        "conversation": null,
        "activity": null,
        "seating": null,
        "setting": "outdoor",
        "support_options": null,
        "why": null,
        "verified": false,
        "verified_date": null,
        "osm_tags": {
          "leisure": "garden",
          "name": "Kyoto Garden",
          "opening_hours": "Mo-Su 07:30-(dusk-00:30)",
          "operator": "Royal Borough of Kensington and Chelsea",
          "tourism": "attraction",
          "wheelchair": "limited"
        }
      }
    },
    {
      "type": "Feature",
      "geometry": {
        "type": "Point",
        "coordinates": [
          -0.201926,
          51.517072
        ]
      },
      "properties": {
        "id": "osm:way/332888741",
        "name": "The Tabernacle",
        "payment_to_enter": null,
        "payment_to_sit": null,
        "time_pressure": null,
        "conversation": null,
        "activity": null,
        "seating": null,
        "setting": "indoor",
        "support_options": null,
        "why": null,
        "verified": false,
        "verified_date": null,
        "osm_tags": {
          "amenity": "community_centre",
          "name": "The Tabernacle"
        }
      }
    },
    {
      "type": "Feature",
      "geometry": {
        "type": "Point",
        "coordinates": [
          -0.122497,
          51.512883
        ]
      },
      "properties": {
        "id": "osm:way/33721672",
        "name": "Royal Opera House",
        "payment_to_enter": null,
        "payment_to_sit": null,
        "time_pressure": null,
        "conversation": null,
        "activity": null,
        "seating": null,
        "setting": "indoor",
        "support_options": null,
        "why": null,
        "verified": false,
        "verified_date": null,
        "osm_tags": {
          "amenity": "arts_centre",
          "name": "Royal Opera House",
          "operator": "Royal Ballet and Opera",
          "tourism": "attraction",
          "wheelchair": "yes"
        }
      }
    },
    {
      "type": "Feature",
      "geometry": {
        "type": "Point",
        "coordinates": [
          -0.170402,
          51.499526
        ]
      },
      "properties": {
        "id": "osm:way/33859752",
        "name": "Ennismore Gardens",
        "payment_to_enter": null,
        "payment_to_sit": null,
        "time_pressure": null,
        "conversation": null,
        "activity": null,
        "seating": null,
        "setting": "outdoor",
        "support_options": null,
        "why": null,
        "verified": false,
        "verified_date": null,
        "osm_tags": {
          "access": "private",
          "leisure": "garden",
          "name": "Ennismore Gardens"
        }
      }
    },
    {
      "type": "Feature",
      "geometry": {
        "type": "Point",
        "coordinates": [
          -0.091731,
          51.519273
        ]
      },
      "properties": {
        "id": "osm:way/34038680",
        "name": "Speed Garden",
        "payment_to_enter": null,
        "payment_to_sit": null,
        "time_pressure": null,
        "conversation": null,
        "activity": null,
        "seating": null,
        "setting": "outdoor",
        "support_options": null,
        "why": null,
        "verified": false,
        "verified_date": null,
        "osm_tags": {
          "access": "private",
          "leisure": "garden",
          "name": "Speed Garden"
        }
      }
    },
    {
      "type": "Feature",
      "geometry": {
        "type": "Point",
        "coordinates": [
          -0.096366,
          51.520646
        ]
      },
      "properties": {
        "id": "osm:way/34038686",
        "name": "Beech Gardens",
        "payment_to_enter": null,
        "payment_to_sit": null,
        "time_pressure": null,
        "conversation": null,
        "activity": null,
        "seating": null,
        "setting": "outdoor",
        "support_options": null,
        "why": null,
        "verified": false,
        "verified_date": null,
        "osm_tags": {
          "access": "permissive",
          "leisure": "garden",
          "name": "Beech Gardens"
        }
      }
    },
    {
      "type": "Feature",
      "geometry": {
        "type": "Point",
        "coordinates": [
          -0.093841,
          51.519867
        ]
      },
      "properties": {
        "id": "osm:way/34038687",
        "name": "Barbican Arts Centre",
        "payment_to_enter": null,
        "payment_to_sit": null,
        "time_pressure": null,
        "conversation": null,
        "activity": null,
        "seating": null,
        "setting": "indoor",
        "support_options": null,
        "why": null,
        "verified": false,
        "verified_date": null,
        "osm_tags": {
          "amenity": "arts_centre",
          "internet_access": "wlan",
          "name": "Barbican Arts Centre",
          "wheelchair": "yes"
        }
      }
    },
    {
      "type": "Feature",
      "geometry": {
        "type": "Point",
        "coordinates": [
          -0.182766,
          51.499513
        ]
      },
      "properties": {
        "id": "osm:way/34148242",
        "name": "Kensington Gate Gardens",
        "payment_to_enter": null,
        "payment_to_sit": null,
        "time_pressure": null,
        "conversation": null,
        "activity": null,
        "seating": null,
        "setting": "outdoor",
        "support_options": null,
        "why": null,
        "verified": false,
        "verified_date": null,
        "osm_tags": {
          "access": "private",
          "leisure": "garden",
          "name": "Kensington Gate Gardens"
        }
      }
    },
    {
      "type": "Feature",
      "geometry": {
        "type": "Point",
        "coordinates": [
          -0.168276,
          51.49981
        ]
      },
      "properties": {
        "id": "osm:way/34800118",
        "name": "Rutland Gate South Garden",
        "payment_to_enter": null,
        "payment_to_sit": null,
        "time_pressure": null,
        "conversation": null,
        "activity": null,
        "seating": null,
        "setting": "outdoor",
        "support_options": null,
        "why": null,
        "verified": false,
        "verified_date": null,
        "osm_tags": {
          "access": "private",
          "leisure": "garden",
          "name": "Rutland Gate South Garden"
        }
      }
    },
    {
      "type": "Feature",
      "geometry": {
        "type": "Point",
        "coordinates": [
          -0.124853,
          51.498063
        ]
      },
      "properties": {
        "id": "osm:way/352337822",
        "name": "Black Rod's Garden",
        "payment_to_enter": null,
        "payment_to_sit": null,
        "time_pressure": null,
        "conversation": null,
        "activity": null,
        "seating": null,
        "setting": "outdoor",
        "support_options": null,
        "why": null,
        "verified": false,
        "verified_date": null,
        "osm_tags": {
          "leisure": "garden",
          "name": "Black Rod's Garden"
        }
      }
    },
    {
      "type": "Feature",
      "geometry": {
        "type": "Point",
        "coordinates": [
          -0.084808,
          51.516722
        ]
      },
      "properties": {
        "id": "osm:way/357203755",
        "name": "All Hallows London Wall",
        "payment_to_enter": null,
        "payment_to_sit": null,
        "time_pressure": null,
        "conversation": null,
        "activity": null,
        "seating": null,
        "setting": "outdoor",
        "support_options": null,
        "why": null,
        "verified": false,
        "verified_date": null,
        "osm_tags": {
          "leisure": "garden",
          "name": "All Hallows London Wall"
        }
      }
    },
    {
      "type": "Feature",
      "geometry": {
        "type": "Point",
        "coordinates": [
          -0.160962,
          51.522841
        ]
      },
      "properties": {
        "id": "osm:way/35979053",
        "name": "Dorset Square",
        "payment_to_enter": null,
        "payment_to_sit": null,
        "time_pressure": null,
        "conversation": null,
        "activity": null,
        "seating": null,
        "setting": "outdoor",
        "support_options": null,
        "why": null,
        "verified": false,
        "verified_date": null,
        "osm_tags": {
          "access": "private",
          "leisure": "garden",
          "name": "Dorset Square"
        }
      }
    },
    {
      "type": "Feature",
      "geometry": {
        "type": "Point",
        "coordinates": [
          -0.170126,
          51.52303
        ]
      },
      "properties": {
        "id": "osm:way/360942512",
        "name": "Church Street Library",
        "payment_to_enter": null,
        "payment_to_sit": null,
        "time_pressure": null,
        "conversation": null,
        "activity": null,
        "seating": null,
        "setting": "indoor",
        "support_options": null,
        "why": null,
        "verified": false,
        "verified_date": null,
        "osm_tags": {
          "amenity": "library",
          "name": "Church Street Library",
          "opening_hours": "Mo 09:30-20:00; Tu 09:30-19:00; We 10:00-19:00; Th-Fr 09:30-19:00; Sa 09:30-17:00; PH off",
          "operator": "Westminster Council",
          "wheelchair": "yes"
        }
      }
    },
    {
      "type": "Feature",
      "geometry": {
        "type": "Point",
        "coordinates": [
          -0.09714,
          51.512503
        ]
      },
      "properties": {
        "id": "osm:way/366444255",
        "name": "Distaff Lane Garden",
        "payment_to_enter": "none",
        "payment_to_sit": null,
        "time_pressure": null,
        "conversation": null,
        "activity": null,
        "seating": null,
        "setting": "outdoor",
        "support_options": null,
        "why": null,
        "verified": false,
        "verified_date": null,
        "osm_tags": {
          "access": "yes",
          "fee": "no",
          "leisure": "garden",
          "name": "Distaff Lane Garden",
          "operator": "City of London"
        }
      }
    },
    {
      "type": "Feature",
      "geometry": {
        "type": "Point",
        "coordinates": [
          -0.075299,
          51.505898
        ]
      },
      "properties": {
        "id": "osm:way/367657974",
        "name": "Tower Bridge Exhibition",
        "payment_to_enter": "required",
        "payment_to_sit": null,
        "time_pressure": null,
        "conversation": null,
        "activity": null,
        "seating": null,
        "setting": "indoor",
        "support_options": null,
        "why": null,
        "verified": false,
        "verified_date": null,
        "osm_tags": {
          "fee": "yes",
          "name": "Tower Bridge Exhibition",
          "opening_hours": "Mo-Su 09:30-18:00",
          "operator": "City of London",
          "tourism": "museum",
          "wheelchair": "yes"
        }
      }
    },
    {
      "type": "Feature",
      "geometry": {
        "type": "Point",
        "coordinates": [
          -0.076021,
          51.508605
        ]
      },
      "properties": {
        "id": "osm:way/369136185",
        "name": "Waterloo Block",
        "payment_to_enter": "required",
        "payment_to_sit": null,
        "time_pressure": null,
        "conversation": null,
        "activity": null,
        "seating": null,
        "setting": "indoor",
        "support_options": null,
        "why": null,
        "verified": false,
        "verified_date": null,
        "osm_tags": {
          "fee": "yes",
          "name": "Waterloo Block",
          "tourism": "museum",
          "wheelchair": "yes"
        }
      }
    },
    {
      "type": "Feature",
      "geometry": {
        "type": "Point",
        "coordinates": [
          -0.155424,
          51.497265
        ]
      },
      "properties": {
        "id": "osm:way/371382536",
        "name": "Chesham Place",
        "payment_to_enter": null,
        "payment_to_sit": null,
        "time_pressure": null,
        "conversation": null,
        "activity": null,
        "seating": null,
        "setting": "outdoor",
        "support_options": null,
        "why": null,
        "verified": false,
        "verified_date": null,
        "osm_tags": {
          "access": "private",
          "leisure": "garden",
          "name": "Chesham Place"
        }
      }
    },
    {
      "type": "Feature",
      "geometry": {
        "type": "Point",
        "coordinates": [
          -0.117456,
          51.510934
        ]
      },
      "properties": {
        "id": "osm:way/372841786",
        "name": "Somerset House",
        "payment_to_enter": null,
        "payment_to_sit": null,
        "time_pressure": null,
        "conversation": null,
        "activity": null,
        "seating": null,
        "setting": "indoor",
        "support_options": null,
        "why": null,
        "verified": false,
        "verified_date": null,
        "osm_tags": {
          "amenity": "arts_centre",
          "name": "Somerset House"
        }
      }
    },
    {
      "type": "Feature",
      "geometry": {
        "type": "Point",
        "coordinates": [
          -0.128659,
          51.503607
        ]
      },
      "properties": {
        "id": "osm:way/374964313",
        "name": "Mountbatten Green",
        "payment_to_enter": null,
        "payment_to_sit": null,
        "time_pressure": null,
        "conversation": null,
        "activity": null,
        "seating": null,
        "setting": "outdoor",
        "support_options": null,
        "why": null,
        "verified": false,
        "verified_date": null,
        "osm_tags": {
          "access": "private",
          "leisure": "garden",
          "name": "Mountbatten Green"
        }
      }
    },
    {
      "type": "Feature",
      "geometry": {
        "type": "Point",
        "coordinates": [
          -0.101262,
          51.512247
        ]
      },
      "properties": {
        "id": "osm:way/376553754",
        "name": "St Andrew by the Wardrobe Garden",
        "payment_to_enter": null,
        "payment_to_sit": null,
        "time_pressure": null,
        "conversation": null,
        "activity": null,
        "seating": null,
        "setting": "outdoor",
        "support_options": null,
        "why": null,
        "verified": false,
        "verified_date": null,
        "osm_tags": {
          "leisure": "garden",
          "name": "St Andrew by the Wardrobe Garden"
        }
      }
    },
    {
      "type": "Feature",
      "geometry": {
        "type": "Point",
        "coordinates": [
          -0.13287,
          51.506343
        ]
      },
      "properties": {
        "id": "osm:way/38446817",
        "name": "Waterloo Place West Garden",
        "payment_to_enter": null,
        "payment_to_sit": null,
        "time_pressure": null,
        "conversation": null,
        "activity": null,
        "seating": null,
        "setting": "outdoor",
        "support_options": null,
        "why": null,
        "verified": false,
        "verified_date": null,
        "osm_tags": {
          "access": "private",
          "leisure": "garden",
          "name": "Waterloo Place West Garden"
        }
      }
    },
    {
      "type": "Feature",
      "geometry": {
        "type": "Point",
        "coordinates": [
          -0.131456,
          51.506858
        ]
      },
      "properties": {
        "id": "osm:way/38447032",
        "name": "Waterloo Place East Garden",
        "payment_to_enter": null,
        "payment_to_sit": null,
        "time_pressure": null,
        "conversation": null,
        "activity": null,
        "seating": null,
        "setting": "outdoor",
        "support_options": null,
        "why": null,
        "verified": false,
        "verified_date": null,
        "osm_tags": {
          "access": "private",
          "leisure": "garden",
          "name": "Waterloo Place East Garden"
        }
      }
    },
    {
      "type": "Feature",
      "geometry": {
        "type": "Point",
        "coordinates": [
          -0.210999,
          51.51625
        ]
      },
      "properties": {
        "id": "osm:way/402345096",
        "name": "Museum of Brands",
        "payment_to_enter": "required",
        "payment_to_sit": null,
        "time_pressure": null,
        "conversation": null,
        "activity": null,
        "seating": null,
        "setting": "indoor",
        "support_options": null,
        "why": null,
        "verified": false,
        "verified_date": null,
        "osm_tags": {
          "fee": "yes",
          "name": "Museum of Brands",
          "opening_hours": "Mo-Sa 10:00-17:00; Su 11:00-17:00; Dec 24-26 off",
          "tourism": "museum",
          "wheelchair": "yes"
        }
      }
    },
    {
      "type": "Feature",
      "geometry": {
        "type": "Point",
        "coordinates": [
          -0.143124,
          51.531777
        ]
      },
      "properties": {
        "id": "osm:way/40253053",
        "name": "The Steve Smith Community Hall",
        "payment_to_enter": null,
        "payment_to_sit": null,
        "time_pressure": null,
        "conversation": null,
        "activity": null,
        "seating": null,
        "setting": "indoor",
        "support_options": null,
        "why": null,
        "verified": false,
        "verified_date": null,
        "osm_tags": {
          "amenity": "community_centre",
          "name": "The Steve Smith Community Hall"
        }
      }
    },
    {
      "type": "Feature",
      "geometry": {
        "type": "Point",
        "coordinates": [
          -0.176705,
          51.487597
        ]
      },
      "properties": {
        "id": "osm:way/40422913",
        "name": "Elm Park Gardens",
        "payment_to_enter": null,
        "payment_to_sit": null,
        "time_pressure": null,
        "conversation": null,
        "activity": null,
        "seating": null,
        "setting": "outdoor",
        "support_options": null,
        "why": null,
        "verified": false,
        "verified_date": null,
        "osm_tags": {
          "access": "private",
          "leisure": "garden",
          "name": "Elm Park Gardens"
        }
      }
    },
    {
      "type": "Feature",
      "geometry": {
        "type": "Point",
        "coordinates": [
          -0.129218,
          51.522514
        ]
      },
      "properties": {
        "id": "osm:way/40768584",
        "name": "Philips Building",
        "payment_to_enter": null,
        "payment_to_sit": null,
        "time_pressure": null,
        "conversation": null,
        "activity": null,
        "seating": null,
        "setting": "indoor",
        "support_options": null,
        "why": null,
        "verified": false,
        "verified_date": null,
        "osm_tags": {
          "amenity": "library",
          "name": "Philips Building",
          "operator": "SOAS University of London",
          "wheelchair": "yes"
        }
      }
    },
    {
      "type": "Feature",
      "geometry": {
        "type": "Point",
        "coordinates": [
          -0.146477,
          51.523381
        ]
      },
      "properties": {
        "id": "osm:way/4081035",
        "name": "Park Crescent Gardens",
        "payment_to_enter": null,
        "payment_to_sit": null,
        "time_pressure": null,
        "conversation": null,
        "activity": null,
        "seating": null,
        "setting": "outdoor",
        "support_options": null,
        "why": null,
        "verified": false,
        "verified_date": null,
        "osm_tags": {
          "access": "private",
          "leisure": "garden",
          "name": "Park Crescent Gardens"
        }
      }
    },
    {
      "type": "Feature",
      "geometry": {
        "type": "Point",
        "coordinates": [
          -0.14687,
          51.52441
        ]
      },
      "properties": {
        "id": "osm:way/4081036",
        "name": "Park Square Gardens",
        "payment_to_enter": null,
        "payment_to_sit": null,
        "time_pressure": null,
        "conversation": null,
        "activity": null,
        "seating": null,
        "setting": "outdoor",
        "support_options": null,
        "why": null,
        "verified": false,
        "verified_date": null,
        "osm_tags": {
          "access": "private",
          "leisure": "garden",
          "name": "Park Square Gardens"
        }
      }
    },
    {
      "type": "Feature",
      "geometry": {
        "type": "Point",
        "coordinates": [
          -0.112047,
          51.520593
        ]
      },
      "properties": {
        "id": "osm:way/41180742",
        "name": "Verulam Gardens",
        "payment_to_enter": null,
        "payment_to_sit": null,
        "time_pressure": null,
        "conversation": null,
        "activity": null,
        "seating": null,
        "setting": "outdoor",
        "support_options": null,
        "why": null,
        "verified": false,
        "verified_date": null,
        "osm_tags": {
          "leisure": "garden",
          "name": "Verulam Gardens"
        }
      }
    },
    {
      "type": "Feature",
      "geometry": {
        "type": "Point",
        "coordinates": [
          -0.128611,
          51.514663
        ]
      },
      "properties": {
        "id": "osm:way/42018705",
        "name": "Phoenix Garden",
        "payment_to_enter": null,
        "payment_to_sit": null,
        "time_pressure": null,
        "conversation": null,
        "activity": null,
        "seating": null,
        "setting": "outdoor",
        "support_options": null,
        "why": null,
        "verified": false,
        "verified_date": null,
        "osm_tags": {
          "access": "permissive",
          "leisure": "garden",
          "name": "Phoenix Garden"
        }
      }
    },
    {
      "type": "Feature",
      "geometry": {
        "type": "Point",
        "coordinates": [
          -0.14341,
          51.487124
        ]
      },
      "properties": {
        "id": "osm:way/421889395",
        "name": "Churchill Gardens Wildflower Garden",
        "payment_to_enter": null,
        "payment_to_sit": null,
        "time_pressure": null,
        "conversation": null,
        "activity": null,
        "seating": null,
        "setting": "outdoor",
        "support_options": null,
        "why": null,
        "verified": false,
        "verified_date": null,
        "osm_tags": {
          "access": "yes",
          "leisure": "garden",
          "name": "Churchill Gardens Wildflower Garden"
        }
      }
    },
    {
      "type": "Feature",
      "geometry": {
        "type": "Point",
        "coordinates": [
          -0.130029,
          51.518967
        ]
      },
      "properties": {
        "id": "osm:way/4253431",
        "name": "Bedford Square",
        "payment_to_enter": null,
        "payment_to_sit": null,
        "time_pressure": null,
        "conversation": null,
        "activity": null,
        "seating": null,
        "setting": "outdoor",
        "support_options": null,
        "why": null,
        "verified": false,
        "verified_date": null,
        "osm_tags": {
          "access": "private",
          "leisure": "garden",
          "name": "Bedford Square"
        }
      }
    },
    {
      "type": "Feature",
      "geometry": {
        "type": "Point",
        "coordinates": [
          -0.131834,
          51.526591
        ]
      },
      "properties": {
        "id": "osm:way/4253511",
        "name": "Friends House Garden",
        "payment_to_enter": "none",
        "payment_to_sit": null,
        "time_pressure": null,
        "conversation": null,
        "activity": null,
        "seating": null,
        "setting": "outdoor",
        "support_options": null,
        "why": null,
        "verified": false,
        "verified_date": null,
        "osm_tags": {
          "access": "permissive",
          "fee": "no",
          "leisure": "garden",
          "name": "Friends House Garden",
          "operator": "Friends House"
        }
      }
    },
    {
      "type": "Feature",
      "geometry": {
        "type": "Point",
        "coordinates": [
          -0.144933,
          51.497709
        ]
      },
      "properties": {
        "id": "osm:way/4256999",
        "name": "Victoria Square",
        "payment_to_enter": null,
        "payment_to_sit": null,
        "time_pressure": null,
        "conversation": null,
        "activity": null,
        "seating": null,
        "setting": "outdoor",
        "support_options": null,
        "why": null,
        "verified": false,
        "verified_date": null,
        "osm_tags": {
          "access": "private",
          "leisure": "garden",
          "name": "Victoria Square"
        }
      }
    },
    {
      "type": "Feature",
      "geometry": {
        "type": "Point",
        "coordinates": [
          -0.118781,
          51.496925
        ]
      },
      "properties": {
        "id": "osm:way/4260010",
        "name": "Lambeth Palace Garden",
        "payment_to_enter": null,
        "payment_to_sit": null,
        "time_pressure": null,
        "conversation": null,
        "activity": null,
        "seating": null,
        "setting": "outdoor",
        "support_options": null,
        "why": null,
        "verified": false,
        "verified_date": null,
        "osm_tags": {
          "leisure": "garden",
          "name": "Lambeth Palace Garden"
        }
      }
    },
    {
      "type": "Feature",
      "geometry": {
        "type": "Point",
        "coordinates": [
          -0.095595,
          51.519476
        ]
      },
      "properties": {
        "id": "osm:way/4270739",
        "name": "Thomas More Garden",
        "payment_to_enter": null,
        "payment_to_sit": null,
        "time_pressure": null,
        "conversation": null,
        "activity": null,
        "seating": null,
        "setting": "outdoor",
        "support_options": null,
        "why": null,
        "verified": false,
        "verified_date": null,
        "osm_tags": {
          "access": "private",
          "leisure": "garden",
          "name": "Thomas More Garden"
        }
      }
    },
    {
      "type": "Feature",
      "geometry": {
        "type": "Point",
        "coordinates": [
          -0.096288,
          51.521347
        ]
      },
      "properties": {
        "id": "osm:way/4270744",
        "name": "Barbican Wildlife Garden",
        "payment_to_enter": null,
        "payment_to_sit": null,
        "time_pressure": null,
        "conversation": null,
        "activity": null,
        "seating": null,
        "setting": "outdoor",
        "support_options": null,
        "why": null,
        "verified": false,
        "verified_date": null,
        "osm_tags": {
          "access": "private",
          "leisure": "garden",
          "name": "Barbican Wildlife Garden"
        }
      }
    },
    {
      "type": "Feature",
      "geometry": {
        "type": "Point",
        "coordinates": [
          -0.170981,
          51.514411
        ]
      },
      "properties": {
        "id": "osm:way/42783086",
        "name": "Gloucester Square",
        "payment_to_enter": null,
        "payment_to_sit": null,
        "time_pressure": null,
        "conversation": null,
        "activity": null,
        "seating": null,
        "setting": "outdoor",
        "support_options": null,
        "why": null,
        "verified": false,
        "verified_date": null,
        "osm_tags": {
          "access": "private",
          "leisure": "garden",
          "name": "Gloucester Square"
        }
      }
    },
    {
      "type": "Feature",
      "geometry": {
        "type": "Point",
        "coordinates": [
          -0.093163,
          51.503951
        ]
      },
      "properties": {
        "id": "osm:way/42784759",
        "name": "Crossbones Graveyard",
        "payment_to_enter": null,
        "payment_to_sit": null,
        "time_pressure": null,
        "conversation": null,
        "activity": null,
        "seating": null,
        "setting": "outdoor",
        "support_options": null,
        "why": null,
        "verified": false,
        "verified_date": null,
        "osm_tags": {
          "access": "yes",
          "leisure": "garden",
          "name": "Crossbones Graveyard",
          "opening_hours": "We-Fr 12:00-14:00",
          "operator": "Bankside Open Spaces Trust"
        }
      }
    },
    {
      "type": "Feature",
      "geometry": {
        "type": "Point",
        "coordinates": [
          -0.197572,
          51.517444
        ]
      },
      "properties": {
        "id": "osm:way/42838496",
        "name": "Shrewsbury Gardens",
        "payment_to_enter": null,
        "payment_to_sit": null,
        "time_pressure": null,
        "conversation": null,
        "activity": null,
        "seating": null,
        "setting": "outdoor",
        "support_options": null,
        "why": null,
        "verified": false,
        "verified_date": null,
        "osm_tags": {
          "leisure": "garden",
          "name": "Shrewsbury Gardens"
        }
      }
    },
    {
      "type": "Feature",
      "geometry": {
        "type": "Point",
        "coordinates": [
          -0.114187,
          51.520249
        ]
      },
      "properties": {
        "id": "osm:way/4315778",
        "name": "The Walks",
        "payment_to_enter": "none",
        "payment_to_sit": null,
        "time_pressure": null,
        "conversation": null,
        "activity": null,
        "seating": null,
        "setting": "outdoor",
        "support_options": null,
        "why": null,
        "verified": false,
        "verified_date": null,
        "osm_tags": {
          "access": "permissive",
          "fee": "no",
          "leisure": "garden",
          "name": "The Walks"
        }
      }
    },
    {
      "type": "Feature",
      "geometry": {
        "type": "Point",
        "coordinates": [
          -0.158465,
          51.497824
        ]
      },
      "properties": {
        "id": "osm:way/4363425",
        "name": "Cadogan Place North Garden",
        "payment_to_enter": null,
        "payment_to_sit": null,
        "time_pressure": null,
        "conversation": null,
        "activity": null,
        "seating": null,
        "setting": "outdoor",
        "support_options": null,
        "why": null,
        "verified": false,
        "verified_date": null,
        "osm_tags": {
          "access": "private",
          "leisure": "garden",
          "name": "Cadogan Place North Garden"
        }
      }
    },
    {
      "type": "Feature",
      "geometry": {
        "type": "Point",
        "coordinates": [
          -0.15799,
          51.495959
        ]
      },
      "properties": {
        "id": "osm:way/4363426",
        "name": "Cadogan Place South Garden",
        "payment_to_enter": null,
        "payment_to_sit": null,
        "time_pressure": null,
        "conversation": null,
        "activity": null,
        "seating": null,
        "setting": "outdoor",
        "support_options": null,
        "why": null,
        "verified": false,
        "verified_date": null,
        "osm_tags": {
          "access": "private",
          "leisure": "garden",
          "name": "Cadogan Place South Garden",
          "operator": "Cadogan Estates Ltd"
        }
      }
    },
    {
      "type": "Feature",
      "geometry": {
        "type": "Point",
        "coordinates": [
          -0.160578,
          51.495134
        ]
      },
      "properties": {
        "id": "osm:way/4363427",
        "name": "Cadogan Square Garden",
        "payment_to_enter": null,
        "payment_to_sit": null,
        "time_pressure": null,
        "conversation": null,
        "activity": null,
        "seating": null,
        "setting": "outdoor",
        "support_options": null,
        "why": null,
        "verified": false,
        "verified_date": null,
        "osm_tags": {
          "access": "private",
          "leisure": "garden",
          "name": "Cadogan Square Garden"
        }
      }
    },
    {
      "type": "Feature",
      "geometry": {
        "type": "Point",
        "coordinates": [
          -0.163171,
          51.495556
        ]
      },
      "properties": {
        "id": "osm:way/4363428",
        "name": "Lennox Gardens",
        "payment_to_enter": null,
        "payment_to_sit": null,
        "time_pressure": null,
        "conversation": null,
        "activity": null,
        "seating": null,
        "setting": "outdoor",
        "support_options": null,
        "why": null,
        "verified": false,
        "verified_date": null,
        "osm_tags": {
          "access": "private",
          "leisure": "garden",
          "name": "Lennox Gardens"
        }
      }
    },
    {
      "type": "Feature",
      "geometry": {
        "type": "Point",
        "coordinates": [
          -0.108166,
          51.514909
        ]
      },
      "properties": {
        "id": "osm:way/43706245",
        "name": "Dr Johnson's House",
        "payment_to_enter": "required",
        "payment_to_sit": null,
        "time_pressure": null,
        "conversation": null,
        "activity": null,
        "seating": null,
        "setting": "indoor",
        "support_options": null,
        "why": null,
        "verified": false,
        "verified_date": null,
        "osm_tags": {
          "fee": "yes",
          "name": "Dr Johnson's House",
          "opening_hours": "Oct-Apr: Mo-Sa 11:00-17:00; May-Sep: Mo-Sa 11:00-17:30",
          "toilets": "yes",
          "tourism": "museum",
          "wheelchair": "no"
        }
      }
    },
    {
      "type": "Feature",
      "geometry": {
        "type": "Point",
        "coordinates": [
          -0.123973,
          51.511424
        ]
      },
      "properties": {
        "id": "osm:way/444061330",
        "name": "Inigo Jones Garden",
        "payment_to_enter": null,
        "payment_to_sit": null,
        "time_pressure": null,
        "conversation": null,
        "activity": null,
        "seating": null,
        "setting": "outdoor",
        "support_options": null,
        "why": null,
        "verified": false,
        "verified_date": null,
        "osm_tags": {
          "access": "yes",
          "leisure": "garden",
          "name": "Inigo Jones Garden"
        }
      }
    },
    {
      "type": "Feature",
      "geometry": {
        "type": "Point",
        "coordinates": [
          -0.121221,
          51.511987
        ]
      },
      "properties": {
        "id": "osm:way/44599803",
        "name": "London Transport Museum",
        "payment_to_enter": "required",
        "payment_to_sit": null,
        "time_pressure": null,
        "conversation": null,
        "activity": null,
        "seating": null,
        "setting": "indoor",
        "support_options": null,
        "why": null,
        "verified": false,
        "verified_date": null,
        "osm_tags": {
          "fee": "yes",
          "name": "London Transport Museum",
          "opening_hours": "Mo-Su 10:00-18:00",
          "operator": "Transport for London (TfL)",
          "tourism": "museum",
          "wheelchair": "yes"
        }
      }
    },
    {
      "type": "Feature",
      "geometry": {
        "type": "Point",
        "coordinates": [
          -0.192307,
          51.513128
        ]
      },
      "properties": {
        "id": "osm:way/45559443",
        "name": "Prince's Square Gardens",
        "payment_to_enter": null,
        "payment_to_sit": null,
        "time_pressure": null,
        "conversation": null,
        "activity": null,
        "seating": null,
        "setting": "outdoor",
        "support_options": null,
        "why": null,
        "verified": false,
        "verified_date": null,
        "osm_tags": {
          "access": "private",
          "leisure": "garden",
          "name": "Prince's Square Gardens"
        }
      }
    },
    {
      "type": "Feature",
      "geometry": {
        "type": "Point",
        "coordinates": [
          -0.192542,
          51.513895
        ]
      },
      "properties": {
        "id": "osm:way/45559444",
        "name": "Leinster Square Gardens",
        "payment_to_enter": null,
        "payment_to_sit": null,
        "time_pressure": null,
        "conversation": null,
        "activity": null,
        "seating": null,
        "setting": "outdoor",
        "support_options": null,
        "why": null,
        "verified": false,
        "verified_date": null,
        "osm_tags": {
          "access": "private",
          "leisure": "garden",
          "name": "Leinster Square Gardens"
        }
      }
    },
    {
      "type": "Feature",
      "geometry": {
        "type": "Point",
        "coordinates": [
          -0.069402,
          51.510464
        ]
      },
      "properties": {
        "id": "osm:way/457582881",
        "name": "Peabody Community Centre",
        "payment_to_enter": null,
        "payment_to_sit": null,
        "time_pressure": null,
        "conversation": null,
        "activity": null,
        "seating": null,
        "setting": "indoor",
        "support_options": null,
        "why": null,
        "verified": false,
        "verified_date": null,
        "osm_tags": {
          "amenity": "community_centre",
          "name": "Peabody Community Centre",
          "operator": "Society Links"
        }
      }
    },
    {
      "type": "Feature",
      "geometry": {
        "type": "Point",
        "coordinates": [
          -0.071763,
          51.511079
        ]
      },
      "properties": {
        "id": "osm:way/457713108",
        "name": "Oblate Retreat Centre",
        "payment_to_enter": null,
        "payment_to_sit": null,
        "time_pressure": null,
        "conversation": null,
        "activity": null,
        "seating": null,
        "setting": "indoor",
        "support_options": null,
        "why": null,
        "verified": false,
        "verified_date": null,
        "osm_tags": {
          "amenity": "community_centre",
          "name": "Oblate Retreat Centre",
          "operator": "Oblates of Mary Immaculate"
        }
      }
    },
    {
      "type": "Feature",
      "geometry": {
        "type": "Point",
        "coordinates": [
          -0.153591,
          51.520895
        ]
      },
      "properties": {
        "id": "osm:way/467952934",
        "name": "The Hellenic Centre",
        "payment_to_enter": null,
        "payment_to_sit": null,
        "time_pressure": null,
        "conversation": null,
        "activity": null,
        "seating": null,
        "setting": "indoor",
        "support_options": null,
        "why": null,
        "verified": false,
        "verified_date": null,
        "osm_tags": {
          "amenity": "arts_centre",
          "name": "The Hellenic Centre"
        }
      }
    },
    {
      "type": "Feature",
      "geometry": {
        "type": "Point",
        "coordinates": [
          -0.127709,
          51.530002
        ]
      },
      "properties": {
        "id": "osm:way/4680891",
        "name": "British Library",
        "payment_to_enter": null,
        "payment_to_sit": null,
        "time_pressure": null,
        "conversation": null,
        "activity": null,
        "seating": null,
        "setting": "indoor",
        "support_options": null,
        "why": null,
        "verified": false,
        "verified_date": null,
        "osm_tags": {
          "amenity": "library",
          "internet_access": "wlan",
          "name": "British Library",
          "opening_hours": "Mo-Th 09:30-20:00; Sa 09:30-17:00; Su 11:00-17:00; Fr 09:30-18:00",
          "toilets": "yes",
          "tourism": "attraction",
          "wheelchair": "designated"
        }
      }
    },
    {
      "type": "Feature",
      "geometry": {
        "type": "Point",
        "coordinates": [
          -0.110399,
          51.505582
        ]
      },
      "properties": {
        "id": "osm:way/468452231",
        "name": "Edward Henry House Gardens",
        "payment_to_enter": null,
        "payment_to_sit": null,
        "time_pressure": null,
        "conversation": null,
        "activity": null,
        "seating": null,
        "setting": "outdoor",
        "support_options": null,
        "why": null,
        "verified": false,
        "verified_date": null,
        "osm_tags": {
          "leisure": "garden",
          "name": "Edward Henry House Gardens"
        }
      }
    },
    {
      "type": "Feature",
      "geometry": {
        "type": "Point",
        "coordinates": [
          -0.102113,
          51.51298
        ]
      },
      "properties": {
        "id": "osm:way/470093550",
        "name": "St Anne Blackfriars Ireland Yard",
        "payment_to_enter": null,
        "payment_to_sit": null,
        "time_pressure": null,
        "conversation": null,
        "activity": null,
        "seating": null,
        "setting": "outdoor",
        "support_options": null,
        "why": null,
        "verified": false,
        "verified_date": null,
        "osm_tags": {
          "leisure": "garden",
          "name": "St Anne Blackfriars Ireland Yard",
          "operator": "City of London Corporation",
          "wheelchair": "no"
        }
      }
    },
    {
      "type": "Feature",
      "geometry": {
        "type": "Point",
        "coordinates": [
          -0.142918,
          51.487165
        ]
      },
      "properties": {
        "id": "osm:way/470130237",
        "name": "St. Gabriel's Hall",
        "payment_to_enter": null,
        "payment_to_sit": null,
        "time_pressure": null,
        "conversation": null,
        "activity": null,
        "seating": null,
        "setting": "indoor",
        "support_options": null,
        "why": null,
        "verified": false,
        "verified_date": null,
        "osm_tags": {
          "amenity": "community_centre",
          "name": "St. Gabriel's Hall"
        }
      }
    },
    {
      "type": "Feature",
      "geometry": {
        "type": "Point",
        "coordinates": [
          -0.105144,
          51.505678
        ]
      },
      "properties": {
        "id": "osm:way/476077470",
        "name": "Colombo Centre",
        "payment_to_enter": null,
        "payment_to_sit": null,
        "time_pressure": null,
        "conversation": null,
        "activity": null,
        "seating": null,
        "setting": "indoor",
        "support_options": null,
        "why": null,
        "verified": false,
        "verified_date": null,
        "osm_tags": {
          "amenity": "community_centre",
          "name": "Colombo Centre",
          "wheelchair": "no"
        }
      }
    },
    {
      "type": "Feature",
      "geometry": {
        "type": "Point",
        "coordinates": [
          -0.209127,
          51.503566
        ]
      },
      "properties": {
        "id": "osm:way/477155160",
        "name": "Woodsford Square Garden",
        "payment_to_enter": null,
        "payment_to_sit": null,
        "time_pressure": null,
        "conversation": null,
        "activity": null,
        "seating": null,
        "setting": "outdoor",
        "support_options": null,
        "why": null,
        "verified": false,
        "verified_date": null,
        "osm_tags": {
          "leisure": "garden",
          "name": "Woodsford Square Garden"
        }
      }
    },
    {
      "type": "Feature",
      "geometry": {
        "type": "Point",
        "coordinates": [
          -0.209677,
          51.504408
        ]
      },
      "properties": {
        "id": "osm:way/477155162",
        "name": "Woodsford Square Garden",
        "payment_to_enter": null,
        "payment_to_sit": null,
        "time_pressure": null,
        "conversation": null,
        "activity": null,
        "seating": null,
        "setting": "outdoor",
        "support_options": null,
        "why": null,
        "verified": false,
        "verified_date": null,
        "osm_tags": {
          "leisure": "garden",
          "name": "Woodsford Square Garden"
        }
      }
    },
    {
      "type": "Feature",
      "geometry": {
        "type": "Point",
        "coordinates": [
          -0.182352,
          51.514662
        ]
      },
      "properties": {
        "id": "osm:way/4780410",
        "name": "Cleveland Square",
        "payment_to_enter": null,
        "payment_to_sit": null,
        "time_pressure": null,
        "conversation": null,
        "activity": null,
        "seating": null,
        "setting": "outdoor",
        "support_options": null,
        "why": null,
        "verified": false,
        "verified_date": null,
        "osm_tags": {
          "access": "private",
          "leisure": "garden",
          "name": "Cleveland Square"
        }
      }
    },
    {
      "type": "Feature",
      "geometry": {
        "type": "Point",
        "coordinates": [
          -0.1518,
          51.521937
        ]
      },
      "properties": {
        "id": "osm:way/491827999",
        "name": "Garden of Rest",
        "payment_to_enter": null,
        "payment_to_sit": null,
        "time_pressure": null,
        "conversation": null,
        "activity": null,
        "seating": null,
        "setting": "outdoor",
        "support_options": null,
        "why": null,
        "verified": false,
        "verified_date": null,
        "osm_tags": {
          "access": "yes",
          "leisure": "garden",
          "name": "Garden of Rest"
        }
      }
    },
    {
      "type": "Feature",
      "geometry": {
        "type": "Point",
        "coordinates": [
          -0.179042,
          51.497103
        ]
      },
      "properties": {
        "id": "osm:way/4959880",
        "name": "Dana Research Centre and Library",
        "payment_to_enter": null,
        "payment_to_sit": null,
        "time_pressure": null,
        "conversation": null,
        "activity": null,
        "seating": null,
        "setting": "indoor",
        "support_options": null,
        "why": null,
        "verified": false,
        "verified_date": null,
        "osm_tags": {
          "amenity": "library",
          "name": "Dana Research Centre and Library",
          "opening_hours": "Th,Fr 11:00-17:00",
          "tourism": "attraction"
        }
      }
    },
    {
      "type": "Feature",
      "geometry": {
        "type": "Point",
        "coordinates": [
          -0.173029,
          51.499321
        ]
      },
      "properties": {
        "id": "osm:way/4959893",
        "name": "Prince's Gardens",
        "payment_to_enter": null,
        "payment_to_sit": null,
        "time_pressure": null,
        "conversation": null,
        "activity": null,
        "seating": null,
        "setting": "outdoor",
        "support_options": null,
        "why": null,
        "verified": false,
        "verified_date": null,
        "osm_tags": {
          "access": "permissive",
          "leisure": "garden",
          "name": "Prince's Gardens",
          "operator": "Imperial College London"
        }
      }
    },
    {
      "type": "Feature",
      "geometry": {
        "type": "Point",
        "coordinates": [
          -0.109574,
          51.511884
        ]
      },
      "properties": {
        "id": "osm:way/4969746",
        "name": "Inner Temple Garden",
        "payment_to_enter": null,
        "payment_to_sit": null,
        "time_pressure": null,
        "conversation": null,
        "activity": null,
        "seating": null,
        "setting": "outdoor",
        "support_options": null,
        "why": null,
        "verified": false,
        "verified_date": null,
        "osm_tags": {
          "access": "private",
          "leisure": "garden",
          "name": "Inner Temple Garden"
        }
      }
    },
    {
      "type": "Feature",
      "geometry": {
        "type": "Point",
        "coordinates": [
          -0.20244,
          51.510636
        ]
      },
      "properties": {
        "id": "osm:way/4981842",
        "name": "Ladbroke Square Garden",
        "payment_to_enter": null,
        "payment_to_sit": null,
        "time_pressure": null,
        "conversation": null,
        "activity": null,
        "seating": null,
        "setting": "outdoor",
        "support_options": null,
        "why": null,
        "verified": false,
        "verified_date": null,
        "osm_tags": {
          "access": "private",
          "leisure": "garden",
          "name": "Ladbroke Square Garden"
        }
      }
    },
    {
      "type": "Feature",
      "geometry": {
        "type": "Point",
        "coordinates": [
          -0.196975,
          51.492043
        ]
      },
      "properties": {
        "id": "osm:way/4996140",
        "name": "Nevern Square Garden",
        "payment_to_enter": null,
        "payment_to_sit": null,
        "time_pressure": null,
        "conversation": null,
        "activity": null,
        "seating": null,
        "setting": "outdoor",
        "support_options": null,
        "why": null,
        "verified": false,
        "verified_date": null,
        "osm_tags": {
          "access": "private",
          "leisure": "garden",
          "name": "Nevern Square Garden"
        }
      }
    },
    {
      "type": "Feature",
      "geometry": {
        "type": "Point",
        "coordinates": [
          -0.158523,
          51.500398
        ]
      },
      "properties": {
        "id": "osm:way/5038724",
        "name": "Lowndes Square Gardens",
        "payment_to_enter": null,
        "payment_to_sit": null,
        "time_pressure": null,
        "conversation": null,
        "activity": null,
        "seating": null,
        "setting": "outdoor",
        "support_options": null,
        "why": null,
        "verified": false,
        "verified_date": null,
        "osm_tags": {
          "access": "private",
          "leisure": "garden",
          "name": "Lowndes Square Gardens"
        }
      }
    },
    {
      "type": "Feature",
      "geometry": {
        "type": "Point",
        "coordinates": [
          -0.160994,
          51.497838
        ]
      },
      "properties": {
        "id": "osm:way/5038725",
        "name": "Hans Place Garden",
        "payment_to_enter": null,
        "payment_to_sit": null,
        "time_pressure": null,
        "conversation": null,
        "activity": null,
        "seating": null,
        "setting": "outdoor",
        "support_options": null,
        "why": null,
        "verified": false,
        "verified_date": null,
        "osm_tags": {
          "access": "private",
          "leisure": "garden",
          "name": "Hans Place Garden"
        }
      }
    },
    {
      "type": "Feature",
      "geometry": {
        "type": "Point",
        "coordinates": [
          -0.188617,
          51.489195
        ]
      },
      "properties": {
        "id": "osm:way/512827002",
        "name": "Coleherne Court Gardens",
        "payment_to_enter": null,
        "payment_to_sit": null,
        "time_pressure": null,
        "conversation": null,
        "activity": null,
        "seating": null,
        "setting": "outdoor",
        "support_options": null,
        "why": null,
        "verified": false,
        "verified_date": null,
        "osm_tags": {
          "access": "private",
          "leisure": "garden",
          "name": "Coleherne Court Gardens"
        }
      }
    },
    {
      "type": "Feature",
      "geometry": {
        "type": "Point",
        "coordinates": [
          -0.094843,
          51.514417
        ]
      },
      "properties": {
        "id": "osm:way/517066121",
        "name": "St Peter Cheap churchyard",
        "payment_to_enter": null,
        "payment_to_sit": null,
        "time_pressure": null,
        "conversation": null,
        "activity": null,
        "seating": null,
        "setting": "outdoor",
        "support_options": null,
        "why": null,
        "verified": false,
        "verified_date": null,
        "osm_tags": {
          "leisure": "garden",
          "name": "St Peter Cheap churchyard"
        }
      }
    },
    {
      "type": "Feature",
      "geometry": {
        "type": "Point",
        "coordinates": [
          -0.094863,
          51.516684
        ]
      },
      "properties": {
        "id": "osm:way/518853017",
        "name": "St Mary Staining",
        "payment_to_enter": null,
        "payment_to_sit": null,
        "time_pressure": null,
        "conversation": null,
        "activity": null,
        "seating": null,
        "setting": "outdoor",
        "support_options": null,
        "why": null,
        "verified": false,
        "verified_date": null,
        "osm_tags": {
          "access": "yes",
          "leisure": "garden",
          "name": "St Mary Staining"
        }
      }
    },
    {
      "type": "Feature",
      "geometry": {
        "type": "Point",
        "coordinates": [
          -0.095115,
          51.517246
        ]
      },
      "properties": {
        "id": "osm:way/519691439",
        "name": "St Olave Silver Street",
        "payment_to_enter": null,
        "payment_to_sit": null,
        "time_pressure": null,
        "conversation": null,
        "activity": null,
        "seating": null,
        "setting": "outdoor",
        "support_options": null,
        "why": null,
        "verified": false,
        "verified_date": null,
        "osm_tags": {
          "leisure": "garden",
          "name": "St Olave Silver Street"
        }
      }
    },
    {
      "type": "Feature",
      "geometry": {
        "type": "Point",
        "coordinates": [
          -0.095724,
          51.516932
        ]
      },
      "properties": {
        "id": "osm:way/519695962",
        "name": "Plaisterers Garden",
        "payment_to_enter": null,
        "payment_to_sit": null,
        "time_pressure": null,
        "conversation": null,
        "activity": null,
        "seating": null,
        "setting": "outdoor",
        "support_options": null,
        "why": null,
        "verified": false,
        "verified_date": null,
        "osm_tags": {
          "leisure": "garden",
          "name": "Plaisterers Garden"
        }
      }
    },
    {
      "type": "Feature",
      "geometry": {
        "type": "Point",
        "coordinates": [
          -0.089309,
          51.512544
        ]
      },
      "properties": {
        "id": "osm:way/523281457",
        "name": "St Stephen Walbrook's Churchyard Garden",
        "payment_to_enter": null,
        "payment_to_sit": null,
        "time_pressure": null,
        "conversation": null,
        "activity": null,
        "seating": null,
        "setting": "outdoor",
        "support_options": null,
        "why": null,
        "verified": false,
        "verified_date": null,
        "osm_tags": {
          "leisure": "garden",
          "name": "St Stephen Walbrook's Churchyard Garden",
          "opening_hours": "Mo-Fr 10:00-16:00",
          "operator": "The Church of England Diocese of London",
          "wheelchair": "no"
        }
      }
    },
    {
      "type": "Feature",
      "geometry": {
        "type": "Point",
        "coordinates": [
          -0.130107,
          51.497577
        ]
      },
      "properties": {
        "id": "osm:way/524539979",
        "name": "Westminster Archives Centre",
        "payment_to_enter": null,
        "payment_to_sit": null,
        "time_pressure": null,
        "conversation": null,
        "activity": null,
        "seating": null,
        "setting": "indoor",
        "support_options": null,
        "why": null,
        "verified": false,
        "verified_date": null,
        "osm_tags": {
          "amenity": "library",
          "name": "Westminster Archives Centre"
        }
      }
    },
    {
      "type": "Feature",
      "geometry": {
        "type": "Point",
        "coordinates": [
          -0.162949,
          51.487276
        ]
      },
      "properties": {
        "id": "osm:way/5319726",
        "name": "Tedworth Square",
        "payment_to_enter": null,
        "payment_to_sit": null,
        "time_pressure": null,
        "conversation": null,
        "activity": null,
        "seating": null,
        "setting": "outdoor",
        "support_options": null,
        "why": null,
        "verified": false,
        "verified_date": null,
        "osm_tags": {
          "access": "private",
          "leisure": "garden",
          "name": "Tedworth Square"
        }
      }
    },
    {
      "type": "Feature",
      "geometry": {
        "type": "Point",
        "coordinates": [
          -0.157069,
          51.491398
        ]
      },
      "properties": {
        "id": "osm:way/532635247",
        "name": "Sloane Gardens West Garden",
        "payment_to_enter": null,
        "payment_to_sit": null,
        "time_pressure": null,
        "conversation": null,
        "activity": null,
        "seating": null,
        "setting": "outdoor",
        "support_options": null,
        "why": null,
        "verified": false,
        "verified_date": null,
        "osm_tags": {
          "access": "private",
          "leisure": "garden",
          "name": "Sloane Gardens West Garden",
          "operator": "Cadogan Estates Ltd"
        }
      }
    },
    {
      "type": "Feature",
      "geometry": {
        "type": "Point",
        "coordinates": [
          -0.092301,
          51.501217
        ]
      },
      "properties": {
        "id": "osm:way/539539171",
        "name": "East Garden",
        "payment_to_enter": null,
        "payment_to_sit": null,
        "time_pressure": null,
        "conversation": null,
        "activity": null,
        "seating": null,
        "setting": "outdoor",
        "support_options": null,
        "why": null,
        "verified": false,
        "verified_date": null,
        "osm_tags": {
          "access": "yes",
          "leisure": "garden",
          "name": "East Garden"
        }
      }
    },
    {
      "type": "Feature",
      "geometry": {
        "type": "Point",
        "coordinates": [
          -0.092581,
          51.501388
        ]
      },
      "properties": {
        "id": "osm:way/539539173",
        "name": "North Garden",
        "payment_to_enter": null,
        "payment_to_sit": null,
        "time_pressure": null,
        "conversation": null,
        "activity": null,
        "seating": null,
        "setting": "outdoor",
        "support_options": null,
        "why": null,
        "verified": false,
        "verified_date": null,
        "osm_tags": {
          "access": "permissive",
          "leisure": "garden",
          "name": "North Garden"
        }
      }
    },
    {
      "type": "Feature",
      "geometry": {
        "type": "Point",
        "coordinates": [
          -0.185103,
          51.493156
        ]
      },
      "properties": {
        "id": "osm:way/543801899",
        "name": "Harrington Gardens",
        "payment_to_enter": null,
        "payment_to_sit": null,
        "time_pressure": null,
        "conversation": null,
        "activity": null,
        "seating": null,
        "setting": "outdoor",
        "support_options": null,
        "why": null,
        "verified": false,
        "verified_date": null,
        "osm_tags": {
          "access": "private",
          "leisure": "garden",
          "name": "Harrington Gardens"
        }
      }
    },
    {
      "type": "Feature",
      "geometry": {
        "type": "Point",
        "coordinates": [
          -0.18734,
          51.493406
        ]
      },
      "properties": {
        "id": "osm:way/543801900",
        "name": "Courtfield Gardens (East)",
        "payment_to_enter": null,
        "payment_to_sit": null,
        "time_pressure": null,
        "conversation": null,
        "activity": null,
        "seating": null,
        "setting": "outdoor",
        "support_options": null,
        "why": null,
        "verified": false,
        "verified_date": null,
        "osm_tags": {
          "access": "private",
          "leisure": "garden",
          "name": "Courtfield Gardens (East)"
        }
      }
    },
    {
      "type": "Feature",
      "geometry": {
        "type": "Point",
        "coordinates": [
          -0.124088,
          51.500664
        ]
      },
      "properties": {
        "id": "osm:way/54503734",
        "name": "Speaker's Green",
        "payment_to_enter": null,
        "payment_to_sit": null,
        "time_pressure": null,
        "conversation": null,
        "activity": null,
        "seating": null,
        "setting": "outdoor",
        "support_options": null,
        "why": null,
        "verified": false,
        "verified_date": null,
        "osm_tags": {
          "access": "private",
          "leisure": "garden",
          "name": "Speaker's Green"
        }
      }
    },
    {
      "type": "Feature",
      "geometry": {
        "type": "Point",
        "coordinates": [
          -0.154049,
          51.500288
        ]
      },
      "properties": {
        "id": "osm:way/552535022",
        "name": "Romanian Cultural Institute",
        "payment_to_enter": null,
        "payment_to_sit": null,
        "time_pressure": null,
        "conversation": null,
        "activity": null,
        "seating": null,
        "setting": "indoor",
        "support_options": null,
        "why": null,
        "verified": false,
        "verified_date": null,
        "osm_tags": {
          "amenity": "community_centre",
          "name": "Romanian Cultural Institute",
          "operator": "Institutul Cultural Român"
        }
      }
    },
    {
      "type": "Feature",
      "geometry": {
        "type": "Point",
        "coordinates": [
          -0.125213,
          51.517693
        ]
      },
      "properties": {
        "id": "osm:way/554358276",
        "name": "Camera Museum",
        "payment_to_enter": "required",
        "payment_to_sit": null,
        "time_pressure": null,
        "conversation": null,
        "activity": null,
        "seating": null,
        "setting": "indoor",
        "support_options": null,
        "why": null,
        "verified": false,
        "verified_date": null,
        "osm_tags": {
          "fee": "yes",
          "name": "Camera Museum",
          "tourism": "museum"
        }
      }
    },
    {
      "type": "Feature",
      "geometry": {
        "type": "Point",
        "coordinates": [
          -0.186868,
          51.505679
        ]
      },
      "properties": {
        "id": "osm:way/554687502",
        "name": "The Sunken Garden",
        "payment_to_enter": null,
        "payment_to_sit": null,
        "time_pressure": null,
        "conversation": null,
        "activity": null,
        "seating": null,
        "setting": "outdoor",
        "support_options": null,
        "why": null,
        "verified": false,
        "verified_date": null,
        "osm_tags": {
          "access": "permissive",
          "leisure": "garden",
          "name": "The Sunken Garden"
        }
      }
    },
    {
      "type": "Feature",
      "geometry": {
        "type": "Point",
        "coordinates": [
          -0.127997,
          51.521613
        ]
      },
      "properties": {
        "id": "osm:way/557159382",
        "name": "The Wiener Library for the Study of the Holocaust & Genocide",
        "payment_to_enter": null,
        "payment_to_sit": null,
        "time_pressure": null,
        "conversation": null,
        "activity": null,
        "seating": null,
        "setting": "indoor",
        "support_options": null,
        "why": null,
        "verified": false,
        "verified_date": null,
        "osm_tags": {
          "amenity": "library",
          "name": "The Wiener Library for the Study of the Holocaust & Genocide",
          "opening_hours": "Mo-Fr 10:00-17:00, Tu 10:00-19:00"
        }
      }
    },
    {
      "type": "Feature",
      "geometry": {
        "type": "Point",
        "coordinates": [
          -0.118715,
          51.525099
        ]
      },
      "properties": {
        "id": "osm:way/55738705",
        "name": "Mecklenburgh Square Gardens",
        "payment_to_enter": null,
        "payment_to_sit": null,
        "time_pressure": null,
        "conversation": null,
        "activity": null,
        "seating": null,
        "setting": "outdoor",
        "support_options": null,
        "why": null,
        "verified": false,
        "verified_date": null,
        "osm_tags": {
          "access": "private",
          "leisure": "garden",
          "name": "Mecklenburgh Square Gardens"
        }
      }
    },
    {
      "type": "Feature",
      "geometry": {
        "type": "Point",
        "coordinates": [
          -0.153511,
          51.499189
        ]
      },
      "properties": {
        "id": "osm:way/583949657",
        "name": "Belgrave Square",
        "payment_to_enter": null,
        "payment_to_sit": null,
        "time_pressure": null,
        "conversation": null,
        "activity": null,
        "seating": null,
        "setting": "outdoor",
        "support_options": null,
        "why": null,
        "verified": false,
        "verified_date": null,
        "osm_tags": {
          "access": "private",
          "leisure": "garden",
          "name": "Belgrave Square"
        }
      }
    },
    {
      "type": "Feature",
      "geometry": {
        "type": "Point",
        "coordinates": [
          -0.169069,
          51.514014
        ]
      },
      "properties": {
        "id": "osm:way/58902295",
        "name": "Hyde Park Square",
        "payment_to_enter": null,
        "payment_to_sit": null,
        "time_pressure": null,
        "conversation": null,
        "activity": null,
        "seating": null,
        "setting": "outdoor",
        "support_options": null,
        "why": null,
        "verified": false,
        "verified_date": null,
        "osm_tags": {
          "access": "private",
          "leisure": "garden",
          "name": "Hyde Park Square"
        }
      }
    },
    {
      "type": "Feature",
      "geometry": {
        "type": "Point",
        "coordinates": [
          -0.172943,
          51.512249
        ]
      },
      "properties": {
        "id": "osm:way/61156637",
        "name": "Hyde Park Gardens",
        "payment_to_enter": null,
        "payment_to_sit": null,
        "time_pressure": null,
        "conversation": null,
        "activity": null,
        "seating": null,
        "setting": "outdoor",
        "support_options": null,
        "why": null,
        "verified": false,
        "verified_date": null,
        "osm_tags": {
          "access": "private",
          "leisure": "garden",
          "name": "Hyde Park Gardens"
        }
      }
    },
    {
      "type": "Feature",
      "geometry": {
        "type": "Point",
        "coordinates": [
          -0.170609,
          51.512433
        ]
      },
      "properties": {
        "id": "osm:way/61156639",
        "name": "Hyde Park Gardens",
        "payment_to_enter": null,
        "payment_to_sit": null,
        "time_pressure": null,
        "conversation": null,
        "activity": null,
        "seating": null,
        "setting": "outdoor",
        "support_options": null,
        "why": null,
        "verified": false,
        "verified_date": null,
        "osm_tags": {
          "access": "private",
          "leisure": "garden",
          "name": "Hyde Park Gardens"
        }
      }
    },
    {
      "type": "Feature",
      "geometry": {
        "type": "Point",
        "coordinates": [
          -0.117469,
          51.517075
        ]
      },
      "properties": {
        "id": "osm:way/61453261",
        "name": "Sir John Soane's Museum",
        "payment_to_enter": "none",
        "payment_to_sit": null,
        "time_pressure": null,
        "conversation": null,
        "activity": null,
        "seating": null,
        "setting": "indoor",
        "support_options": null,
        "why": null,
        "verified": false,
        "verified_date": null,
        "osm_tags": {
          "fee": "no",
          "name": "Sir John Soane's Museum",
          "opening_hours": "Tu-Sa 10:00-16:30",
          "tourism": "museum",
          "wheelchair": "yes"
        }
      }
    },
    {
      "type": "Feature",
      "geometry": {
        "type": "Point",
        "coordinates": [
          -0.156161,
          51.512036
        ]
      },
      "properties": {
        "id": "osm:way/617928285",
        "name": "Green Street Garden",
        "payment_to_enter": null,
        "payment_to_sit": null,
        "time_pressure": null,
        "conversation": null,
        "activity": null,
        "seating": null,
        "setting": "outdoor",
        "support_options": null,
        "why": null,
        "verified": false,
        "verified_date": null,
        "osm_tags": {
          "access": "private",
          "leisure": "garden",
          "name": "Green Street Garden"
        }
      }
    },
    {
      "type": "Feature",
      "geometry": {
        "type": "Point",
        "coordinates": [
          -0.150063,
          51.521461
        ]
      },
      "properties": {
        "id": "osm:way/620603565",
        "name": "The Museum of Philatelic History",
        "payment_to_enter": null,
        "payment_to_sit": null,
        "time_pressure": null,
        "conversation": null,
        "activity": null,
        "seating": null,
        "setting": "indoor",
        "support_options": null,
        "why": null,
        "verified": false,
        "verified_date": null,
        "osm_tags": {
          "name": "The Museum of Philatelic History",
          "opening_hours": "Mo-Fr 09:30-16:30",
          "operator": "Royal Philatelic Society London",
          "tourism": "museum"
        }
      }
    },
    {
      "type": "Feature",
      "geometry": {
        "type": "Point",
        "coordinates": [
          -0.162783,
          51.489302
        ]
      },
      "properties": {
        "id": "osm:way/630720414",
        "name": "Wellington Square",
        "payment_to_enter": null,
        "payment_to_sit": null,
        "time_pressure": null,
        "conversation": null,
        "activity": null,
        "seating": null,
        "setting": "outdoor",
        "support_options": null,
        "why": null,
        "verified": false,
        "verified_date": null,
        "osm_tags": {
          "access": "private",
          "leisure": "garden",
          "name": "Wellington Square"
        }
      }
    },
    {
      "type": "Feature",
      "geometry": {
        "type": "Point",
        "coordinates": [
          -0.160022,
          51.493291
        ]
      },
      "properties": {
        "id": "osm:way/630720421",
        "name": "Cadogan Gardens",
        "payment_to_enter": null,
        "payment_to_sit": null,
        "time_pressure": null,
        "conversation": null,
        "activity": null,
        "seating": null,
        "setting": "outdoor",
        "support_options": null,
        "why": null,
        "verified": false,
        "verified_date": null,
        "osm_tags": {
          "access": "private",
          "leisure": "garden",
          "name": "Cadogan Gardens"
        }
      }
    },
    {
      "type": "Feature",
      "geometry": {
        "type": "Point",
        "coordinates": [
          -0.167928,
          51.500125
        ]
      },
      "properties": {
        "id": "osm:way/637577735",
        "name": "Austrian Cultural Forum",
        "payment_to_enter": null,
        "payment_to_sit": null,
        "time_pressure": null,
        "conversation": null,
        "activity": null,
        "seating": null,
        "setting": "indoor",
        "support_options": null,
        "why": null,
        "verified": false,
        "verified_date": null,
        "osm_tags": {
          "amenity": "community_centre",
          "name": "Austrian Cultural Forum"
        }
      }
    },
    {
      "type": "Feature",
      "geometry": {
        "type": "Point",
        "coordinates": [
          -0.179432,
          51.488081
        ]
      },
      "properties": {
        "id": "osm:way/639730177",
        "name": "Thistle Grove Gardens",
        "payment_to_enter": null,
        "payment_to_sit": null,
        "time_pressure": null,
        "conversation": null,
        "activity": null,
        "seating": null,
        "setting": "outdoor",
        "support_options": null,
        "why": null,
        "verified": false,
        "verified_date": null,
        "osm_tags": {
          "access": "private",
          "leisure": "garden",
          "name": "Thistle Grove Gardens"
        }
      }
    },
    {
      "type": "Feature",
      "geometry": {
        "type": "Point",
        "coordinates": [
          -0.177743,
          51.48828
        ]
      },
      "properties": {
        "id": "osm:way/639730181",
        "name": "Evelyn Gardens",
        "payment_to_enter": null,
        "payment_to_sit": null,
        "time_pressure": null,
        "conversation": null,
        "activity": null,
        "seating": null,
        "setting": "outdoor",
        "support_options": null,
        "why": null,
        "verified": false,
        "verified_date": null,
        "osm_tags": {
          "access": "private",
          "leisure": "garden",
          "name": "Evelyn Gardens"
        }
      }
    },
    {
      "type": "Feature",
      "geometry": {
        "type": "Point",
        "coordinates": [
          -0.172863,
          51.501436
        ]
      },
      "properties": {
        "id": "osm:way/640097060",
        "name": "Polish Institute and Sikorski Museum",
        "payment_to_enter": null,
        "payment_to_sit": null,
        "time_pressure": null,
        "conversation": null,
        "activity": null,
        "seating": null,
        "setting": "indoor",
        "support_options": null,
        "why": null,
        "verified": false,
        "verified_date": null,
        "osm_tags": {
          "name": "Polish Institute and Sikorski Museum",
          "tourism": "museum"
        }
      }
    },
    {
      "type": "Feature",
      "geometry": {
        "type": "Point",
        "coordinates": [
          -0.200174,
          51.499887
        ]
      },
      "properties": {
        "id": "osm:way/640554759",
        "name": "Design Museum",
        "payment_to_enter": "none",
        "payment_to_sit": null,
        "time_pressure": null,
        "conversation": null,
        "activity": null,
        "seating": null,
        "setting": "indoor",
        "support_options": null,
        "why": null,
        "verified": false,
        "verified_date": null,
        "osm_tags": {
          "fee": "no",
          "name": "Design Museum",
          "opening_hours": "Mo-Th 10:00-17:00; Fr-Su 10:00-18:00; Sep 16-Dec 31 Sa 10:00-20:45; Dec 24-27 off",
          "tourism": "museum",
          "wheelchair": "yes"
        }
      }
    },
    {
      "type": "Feature",
      "geometry": {
        "type": "Point",
        "coordinates": [
          -0.145631,
          51.519475
        ]
      },
      "properties": {
        "id": "osm:way/669875308",
        "name": "Cavendish Conference Centre",
        "payment_to_enter": null,
        "payment_to_sit": null,
        "time_pressure": null,
        "conversation": null,
        "activity": null,
        "seating": null,
        "setting": "indoor",
        "support_options": null,
        "why": null,
        "verified": false,
        "verified_date": null,
        "osm_tags": {
          "amenity": "arts_centre",
          "name": "Cavendish Conference Centre"
        }
      }
    },
    {
      "type": "Feature",
      "geometry": {
        "type": "Point",
        "coordinates": [
          -0.15186,
          51.534756
        ]
      },
      "properties": {
        "id": "osm:way/683429359",
        "name": "Wildlife Garden",
        "payment_to_enter": null,
        "payment_to_sit": null,
        "time_pressure": null,
        "conversation": null,
        "activity": null,
        "seating": null,
        "setting": "outdoor",
        "support_options": null,
        "why": null,
        "verified": false,
        "verified_date": null,
        "osm_tags": {
          "leisure": "garden",
          "name": "Wildlife Garden"
        }
      }
    },
    {
      "type": "Feature",
      "geometry": {
        "type": "Point",
        "coordinates": [
          -0.151067,
          51.528263
        ]
      },
      "properties": {
        "id": "osm:way/683835120",
        "name": "Regent's Park Allotment Garden",
        "payment_to_enter": null,
        "payment_to_sit": null,
        "time_pressure": null,
        "conversation": null,
        "activity": null,
        "seating": null,
        "setting": "outdoor",
        "support_options": null,
        "why": null,
        "verified": false,
        "verified_date": null,
        "osm_tags": {
          "access": "permissive",
          "leisure": "garden",
          "name": "Regent's Park Allotment Garden"
        }
      }
    },
    {
      "type": "Feature",
      "geometry": {
        "type": "Point",
        "coordinates": [
          -0.154874,
          51.5229
        ]
      },
      "properties": {
        "id": "osm:way/684695074",
        "name": "Madame Tussauds",
        "payment_to_enter": null,
        "payment_to_sit": null,
        "time_pressure": null,
        "conversation": null,
        "activity": null,
        "seating": null,
        "setting": "indoor",
        "support_options": null,
        "why": null,
        "verified": false,
        "verified_date": null,
        "osm_tags": {
          "name": "Madame Tussauds",
          "opening_hours": "Mo-Fr 09:30-17:30; Sa-Su 09:00-18:00",
          "tourism": "museum",
          "wheelchair": "yes"
        }
      }
    },
    {
      "type": "Feature",
      "geometry": {
        "type": "Point",
        "coordinates": [
          -0.204362,
          51.502765
        ]
      },
      "properties": {
        "id": "osm:way/693097051",
        "name": "Fukushima Garden",
        "payment_to_enter": null,
        "payment_to_sit": null,
        "time_pressure": null,
        "conversation": null,
        "activity": null,
        "seating": null,
        "setting": "outdoor",
        "support_options": null,
        "why": null,
        "verified": false,
        "verified_date": null,
        "osm_tags": {
          "leisure": "garden",
          "name": "Fukushima Garden",
          "operator": "Royal Borough of Kensington and Chelsea"
        }
      }
    },
    {
      "type": "Feature",
      "geometry": {
        "type": "Point",
        "coordinates": [
          -0.167893,
          51.495517
        ]
      },
      "properties": {
        "id": "osm:way/698105108",
        "name": "Egerton Crescent Gardens",
        "payment_to_enter": null,
        "payment_to_sit": null,
        "time_pressure": null,
        "conversation": null,
        "activity": null,
        "seating": null,
        "setting": "outdoor",
        "support_options": null,
        "why": null,
        "verified": false,
        "verified_date": null,
        "osm_tags": {
          "access": "private",
          "leisure": "garden",
          "name": "Egerton Crescent Gardens"
        }
      }
    },
    {
      "type": "Feature",
      "geometry": {
        "type": "Point",
        "coordinates": [
          -0.177152,
          51.494131
        ]
      },
      "properties": {
        "id": "osm:way/700531647",
        "name": "Bibliothèque Quentin Blake",
        "payment_to_enter": null,
        "payment_to_sit": null,
        "time_pressure": null,
        "conversation": null,
        "activity": null,
        "seating": null,
        "setting": "indoor",
        "support_options": null,
        "why": null,
        "verified": false,
        "verified_date": null,
        "osm_tags": {
          "amenity": "library",
          "name": "Bibliothèque Quentin Blake",
          "opening_hours": "We-Fr 13:00-18:00; Sa 12:00-18:00"
        }
      }
    },
    {
      "type": "Feature",
      "geometry": {
        "type": "Point",
        "coordinates": [
          -0.170363,
          51.497405
        ]
      },
      "properties": {
        "id": "osm:way/702642857",
        "name": "Oratory House Garden",
        "payment_to_enter": null,
        "payment_to_sit": null,
        "time_pressure": null,
        "conversation": null,
        "activity": null,
        "seating": null,
        "setting": "outdoor",
        "support_options": null,
        "why": null,
        "verified": false,
        "verified_date": null,
        "osm_tags": {
          "leisure": "garden",
          "name": "Oratory House Garden"
        }
      }
    },
    {
      "type": "Feature",
      "geometry": {
        "type": "Point",
        "coordinates": [
          -0.080865,
          51.512186
        ]
      },
      "properties": {
        "id": "osm:way/702823179",
        "name": "The Garden at 120",
        "payment_to_enter": "none",
        "payment_to_sit": null,
        "time_pressure": null,
        "conversation": null,
        "activity": null,
        "seating": null,
        "setting": "outdoor",
        "support_options": null,
        "why": null,
        "verified": false,
        "verified_date": null,
        "osm_tags": {
          "access": "permissive",
          "fee": "no",
          "leisure": "garden",
          "name": "The Garden at 120",
          "tourism": "attraction"
        }
      }
    },
    {
      "type": "Feature",
      "geometry": {
        "type": "Point",
        "coordinates": [
          -0.099459,
          51.520696
        ]
      },
      "properties": {
        "id": "osm:way/712230339",
        "name": "Charterhouse Square",
        "payment_to_enter": null,
        "payment_to_sit": null,
        "time_pressure": null,
        "conversation": null,
        "activity": null,
        "seating": null,
        "setting": "outdoor",
        "support_options": null,
        "why": null,
        "verified": false,
        "verified_date": null,
        "osm_tags": {
          "leisure": "garden",
          "name": "Charterhouse Square",
          "opening_hours": "Tu-Su 11:00-17:00"
        }
      }
    },
    {
      "type": "Feature",
      "geometry": {
        "type": "Point",
        "coordinates": [
          -0.173746,
          51.481937
        ]
      },
      "properties": {
        "id": "osm:way/732150302",
        "name": "Battersea Bridge Gardens",
        "payment_to_enter": null,
        "payment_to_sit": null,
        "time_pressure": null,
        "conversation": null,
        "activity": null,
        "seating": null,
        "setting": "outdoor",
        "support_options": null,
        "why": null,
        "verified": false,
        "verified_date": null,
        "osm_tags": {
          "leisure": "garden",
          "name": "Battersea Bridge Gardens"
        }
      }
    },
    {
      "type": "Feature",
      "geometry": {
        "type": "Point",
        "coordinates": [
          -0.104375,
          51.526375
        ]
      },
      "properties": {
        "id": "osm:way/73320333",
        "name": "Finsbury Library",
        "payment_to_enter": null,
        "payment_to_sit": null,
        "time_pressure": null,
        "conversation": null,
        "activity": null,
        "seating": null,
        "setting": "indoor",
        "support_options": null,
        "why": null,
        "verified": false,
        "verified_date": null,
        "osm_tags": {
          "amenity": "library",
          "name": "Finsbury Library",
          "operator": "Islington Council",
          "wheelchair": "no"
        }
      }
    },
    {
      "type": "Feature",
      "geometry": {
        "type": "Point",
        "coordinates": [
          -0.088796,
          51.503414
        ]
      },
      "properties": {
        "id": "osm:way/73703710",
        "name": "Memorial Gardens",
        "payment_to_enter": null,
        "payment_to_sit": null,
        "time_pressure": null,
        "conversation": null,
        "activity": null,
        "seating": null,
        "setting": "outdoor",
        "support_options": null,
        "why": null,
        "verified": false,
        "verified_date": null,
        "osm_tags": {
          "leisure": "garden",
          "name": "Memorial Gardens"
        }
      }
    },
    {
      "type": "Feature",
      "geometry": {
        "type": "Point",
        "coordinates": [
          -0.1825,
          51.512215
        ]
      },
      "properties": {
        "id": "osm:way/749543281",
        "name": "Corringham Garden",
        "payment_to_enter": null,
        "payment_to_sit": null,
        "time_pressure": null,
        "conversation": null,
        "activity": null,
        "seating": null,
        "setting": "outdoor",
        "support_options": null,
        "why": null,
        "verified": false,
        "verified_date": null,
        "osm_tags": {
          "access": "private",
          "leisure": "garden",
          "name": "Corringham Garden"
        }
      }
    },
    {
      "type": "Feature",
      "geometry": {
        "type": "Point",
        "coordinates": [
          -0.194421,
          51.501434
        ]
      },
      "properties": {
        "id": "osm:way/75110977",
        "name": "Kensington Central Library",
        "payment_to_enter": null,
        "payment_to_sit": null,
        "time_pressure": null,
        "conversation": null,
        "activity": null,
        "seating": null,
        "setting": "indoor",
        "support_options": null,
        "why": null,
        "verified": false,
        "verified_date": null,
        "osm_tags": {
          "amenity": "library",
          "name": "Kensington Central Library",
          "opening_hours": "Mo,Tu,Th 09:30-20:00; We 10:00-17:00; Fr,Sa 09:30-17:00",
          "wheelchair": "yes"
        }
      }
    },
    {
      "type": "Feature",
      "geometry": {
        "type": "Point",
        "coordinates": [
          -0.193244,
          51.516267
        ]
      },
      "properties": {
        "id": "osm:way/755385497",
        "name": "Kildare Gardens",
        "payment_to_enter": null,
        "payment_to_sit": null,
        "time_pressure": null,
        "conversation": null,
        "activity": null,
        "seating": null,
        "setting": "outdoor",
        "support_options": null,
        "why": null,
        "verified": false,
        "verified_date": null,
        "osm_tags": {
          "access": "yes",
          "leisure": "garden",
          "name": "Kildare Gardens",
          "opening_hours": "Mo-Su 08:00-dusk"
        }
      }
    },
    {
      "type": "Feature",
      "geometry": {
        "type": "Point",
        "coordinates": [
          -0.169152,
          51.495005
        ]
      },
      "properties": {
        "id": "osm:way/761316802",
        "name": "Alexander Square",
        "payment_to_enter": null,
        "payment_to_sit": null,
        "time_pressure": null,
        "conversation": null,
        "activity": null,
        "seating": null,
        "setting": "outdoor",
        "support_options": null,
        "why": null,
        "verified": false,
        "verified_date": null,
        "osm_tags": {
          "access": "private",
          "leisure": "garden",
          "name": "Alexander Square"
        }
      }
    },
    {
      "type": "Feature",
      "geometry": {
        "type": "Point",
        "coordinates": [
          -0.16944,
          51.495555
        ]
      },
      "properties": {
        "id": "osm:way/761316803",
        "name": "Alexander Square",
        "payment_to_enter": null,
        "payment_to_sit": null,
        "time_pressure": null,
        "conversation": null,
        "activity": null,
        "seating": null,
        "setting": "outdoor",
        "support_options": null,
        "why": null,
        "verified": false,
        "verified_date": null,
        "osm_tags": {
          "access": "private",
          "leisure": "garden",
          "name": "Alexander Square"
        }
      }
    },
    {
      "type": "Feature",
      "geometry": {
        "type": "Point",
        "coordinates": [
          -0.209231,
          51.51668
        ]
      },
      "properties": {
        "id": "osm:way/772671774",
        "name": "North Kensington Library",
        "payment_to_enter": null,
        "payment_to_sit": null,
        "time_pressure": null,
        "conversation": null,
        "activity": null,
        "seating": null,
        "setting": "indoor",
        "support_options": null,
        "why": null,
        "verified": false,
        "verified_date": null,
        "osm_tags": {
          "amenity": "library",
          "name": "North Kensington Library",
          "opening_hours": "Mo,Tu,Th 09:30-20:00; We 10:00-17:00; Fr,Sa 09:30-17:00; Su off"
        }
      }
    },
    {
      "type": "Feature",
      "geometry": {
        "type": "Point",
        "coordinates": [
          -0.101143,
          51.508191
        ]
      },
      "properties": {
        "id": "osm:way/77755310",
        "name": "Bankside Gallery",
        "payment_to_enter": null,
        "payment_to_sit": null,
        "time_pressure": null,
        "conversation": null,
        "activity": null,
        "seating": null,
        "setting": "indoor",
        "support_options": null,
        "why": null,
        "verified": false,
        "verified_date": null,
        "osm_tags": {
          "amenity": "arts_centre",
          "name": "Bankside Gallery",
          "opening_hours": "Mo-Su 11:00-18:00 \"during exhibitions\"",
          "tourism": "attraction"
        }
      }
    },
    {
      "type": "Feature",
      "geometry": {
        "type": "Point",
        "coordinates": [
          -0.101935,
          51.503839
        ]
      },
      "properties": {
        "id": "osm:way/77765228",
        "name": "Arch 21",
        "payment_to_enter": null,
        "payment_to_sit": null,
        "time_pressure": null,
        "conversation": null,
        "activity": null,
        "seating": null,
        "setting": "outdoor",
        "support_options": null,
        "why": null,
        "verified": false,
        "verified_date": null,
        "osm_tags": {
          "leisure": "garden",
          "name": "Arch 21"
        }
      }
    },
    {
      "type": "Feature",
      "geometry": {
        "type": "Point",
        "coordinates": [
          -0.090131,
          51.501107
        ]
      },
      "properties": {
        "id": "osm:way/783285088",
        "name": "Beautiful Balin",
        "payment_to_enter": null,
        "payment_to_sit": null,
        "time_pressure": null,
        "conversation": null,
        "activity": null,
        "seating": null,
        "setting": "outdoor",
        "support_options": null,
        "why": null,
        "verified": false,
        "verified_date": null,
        "osm_tags": {
          "access": "yes",
          "leisure": "garden",
          "name": "Beautiful Balin",
          "operator": "Tabard Growers"
        }
      }
    },
    {
      "type": "Feature",
      "geometry": {
        "type": "Point",
        "coordinates": [
          -0.088346,
          51.499757
        ]
      },
      "properties": {
        "id": "osm:way/785258312",
        "name": "Hankey Garden",
        "payment_to_enter": null,
        "payment_to_sit": null,
        "time_pressure": null,
        "conversation": null,
        "activity": null,
        "seating": null,
        "setting": "outdoor",
        "support_options": null,
        "why": null,
        "verified": false,
        "verified_date": null,
        "osm_tags": {
          "access": "permissive",
          "leisure": "garden",
          "name": "Hankey Garden"
        }
      }
    },
    {
      "type": "Feature",
      "geometry": {
        "type": "Point",
        "coordinates": [
          -0.089652,
          51.501843
        ]
      },
      "properties": {
        "id": "osm:way/785294237",
        "name": "Balin House car park raised bed",
        "payment_to_enter": null,
        "payment_to_sit": null,
        "time_pressure": null,
        "conversation": null,
        "activity": null,
        "seating": null,
        "setting": "outdoor",
        "support_options": null,
        "why": null,
        "verified": false,
        "verified_date": null,
        "osm_tags": {
          "access": "yes",
          "leisure": "garden",
          "name": "Balin House car park raised bed",
          "operator": "Tabard Growers"
        }
      }
    },
    {
      "type": "Feature",
      "geometry": {
        "type": "Point",
        "coordinates": [
          -0.089524,
          51.501702
        ]
      },
      "properties": {
        "id": "osm:way/785294240",
        "name": "Wendy's Garden",
        "payment_to_enter": null,
        "payment_to_sit": null,
        "time_pressure": null,
        "conversation": null,
        "activity": null,
        "seating": null,
        "setting": "outdoor",
        "support_options": null,
        "why": null,
        "verified": false,
        "verified_date": null,
        "osm_tags": {
          "access": "permissive",
          "leisure": "garden",
          "name": "Wendy's Garden"
        }
      }
    },
    {
      "type": "Feature",
      "geometry": {
        "type": "Point",
        "coordinates": [
          -0.090486,
          51.501667
        ]
      },
      "properties": {
        "id": "osm:way/785294241",
        "name": "Thelma's Garden",
        "payment_to_enter": null,
        "payment_to_sit": null,
        "time_pressure": null,
        "conversation": null,
        "activity": null,
        "seating": null,
        "setting": "outdoor",
        "support_options": null,
        "why": null,
        "verified": false,
        "verified_date": null,
        "osm_tags": {
          "access": "no",
          "leisure": "garden",
          "name": "Thelma's Garden"
        }
      }
    },
    {
      "type": "Feature",
      "geometry": {
        "type": "Point",
        "coordinates": [
          -0.089393,
          51.500996
        ]
      },
      "properties": {
        "id": "osm:way/785294248",
        "name": "Eynsford House Community Garden",
        "payment_to_enter": null,
        "payment_to_sit": null,
        "time_pressure": null,
        "conversation": null,
        "activity": null,
        "seating": null,
        "setting": "outdoor",
        "support_options": null,
        "why": null,
        "verified": false,
        "verified_date": null,
        "osm_tags": {
          "access": "permit",
          "leisure": "garden",
          "name": "Eynsford House Community Garden",
          "operator": "Eynsford House"
        }
      }
    },
    {
      "type": "Feature",
      "geometry": {
        "type": "Point",
        "coordinates": [
          -0.205036,
          51.510086
        ]
      },
      "properties": {
        "id": "osm:way/785517335",
        "name": "Ladbroke Grove Garden",
        "payment_to_enter": null,
        "payment_to_sit": null,
        "time_pressure": null,
        "conversation": null,
        "activity": null,
        "seating": null,
        "setting": "outdoor",
        "support_options": null,
        "why": null,
        "verified": false,
        "verified_date": null,
        "osm_tags": {
          "leisure": "garden",
          "name": "Ladbroke Grove Garden"
        }
      }
    },
    {
      "type": "Feature",
      "geometry": {
        "type": "Point",
        "coordinates": [
          -0.128633,
          51.523284
        ]
      },
      "properties": {
        "id": "osm:way/789265602",
        "name": "UCL Institute of Education Library",
        "payment_to_enter": null,
        "payment_to_sit": null,
        "time_pressure": null,
        "conversation": null,
        "activity": null,
        "seating": null,
        "setting": "indoor",
        "support_options": null,
        "why": null,
        "verified": false,
        "verified_date": null,
        "osm_tags": {
          "amenity": "library",
          "internet_access": "yes",
          "name": "UCL Institute of Education Library",
          "operator": "UCL Library Services"
        }
      }
    },
    {
      "type": "Feature",
      "geometry": {
        "type": "Point",
        "coordinates": [
          -0.090222,
          51.501844
        ]
      },
      "properties": {
        "id": "osm:way/789686397",
        "name": "Harold's balcony garden & orchard",
        "payment_to_enter": null,
        "payment_to_sit": null,
        "time_pressure": null,
        "conversation": null,
        "activity": null,
        "seating": null,
        "setting": "outdoor",
        "support_options": null,
        "why": null,
        "verified": false,
        "verified_date": null,
        "osm_tags": {
          "leisure": "garden",
          "name": "Harold's balcony garden & orchard"
        }
      }
    },
    {
      "type": "Feature",
      "geometry": {
        "type": "Point",
        "coordinates": [
          -0.210591,
          51.49875
        ]
      },
      "properties": {
        "id": "osm:way/791129215",
        "name": "Russell Road Kitchen Garden",
        "payment_to_enter": null,
        "payment_to_sit": null,
        "time_pressure": null,
        "conversation": null,
        "activity": null,
        "seating": null,
        "setting": "outdoor",
        "support_options": null,
        "why": null,
        "verified": false,
        "verified_date": null,
        "osm_tags": {
          "leisure": "garden",
          "name": "Russell Road Kitchen Garden"
        }
      }
    },
    {
      "type": "Feature",
      "geometry": {
        "type": "Point",
        "coordinates": [
          -0.205537,
          51.500043
        ]
      },
      "properties": {
        "id": "osm:way/792995048",
        "name": "Oakwood Court Garden",
        "payment_to_enter": null,
        "payment_to_sit": null,
        "time_pressure": null,
        "conversation": null,
        "activity": null,
        "seating": null,
        "setting": "outdoor",
        "support_options": null,
        "why": null,
        "verified": false,
        "verified_date": null,
        "osm_tags": {
          "access": "private",
          "leisure": "garden",
          "name": "Oakwood Court Garden"
        }
      }
    },
    {
      "type": "Feature",
      "geometry": {
        "type": "Point",
        "coordinates": [
          -0.204253,
          51.502083
        ]
      },
      "properties": {
        "id": "osm:way/793844123",
        "name": "Napoleon Garden",
        "payment_to_enter": null,
        "payment_to_sit": null,
        "time_pressure": null,
        "conversation": null,
        "activity": null,
        "seating": null,
        "setting": "outdoor",
        "support_options": null,
        "why": null,
        "verified": false,
        "verified_date": null,
        "osm_tags": {
          "leisure": "garden",
          "name": "Napoleon Garden"
        }
      }
    },
    {
      "type": "Feature",
      "geometry": {
        "type": "Point",
        "coordinates": [
          -0.191023,
          51.49196
        ]
      },
      "properties": {
        "id": "osm:way/7944907",
        "name": "Barkston Gardens",
        "payment_to_enter": null,
        "payment_to_sit": null,
        "time_pressure": null,
        "conversation": null,
        "activity": null,
        "seating": null,
        "setting": "outdoor",
        "support_options": null,
        "why": null,
        "verified": false,
        "verified_date": null,
        "osm_tags": {
          "access": "private",
          "leisure": "garden",
          "name": "Barkston Gardens"
        }
      }
    },
    {
      "type": "Feature",
      "geometry": {
        "type": "Point",
        "coordinates": [
          -0.188977,
          51.493004
        ]
      },
      "properties": {
        "id": "osm:way/7944966",
        "name": "Courtfield Gardens (West)",
        "payment_to_enter": null,
        "payment_to_sit": null,
        "time_pressure": null,
        "conversation": null,
        "activity": null,
        "seating": null,
        "setting": "outdoor",
        "support_options": null,
        "why": null,
        "verified": false,
        "verified_date": null,
        "osm_tags": {
          "access": "private",
          "leisure": "garden",
          "name": "Courtfield Gardens (West)"
        }
      }
    },
    {
      "type": "Feature",
      "geometry": {
        "type": "Point",
        "coordinates": [
          -0.189222,
          51.491079
        ]
      },
      "properties": {
        "id": "osm:way/7945054",
        "name": "Bramham Gardens",
        "payment_to_enter": null,
        "payment_to_sit": null,
        "time_pressure": null,
        "conversation": null,
        "activity": null,
        "seating": null,
        "setting": "outdoor",
        "support_options": null,
        "why": null,
        "verified": false,
        "verified_date": null,
        "osm_tags": {
          "access": "private",
          "leisure": "garden",
          "name": "Bramham Gardens"
        }
      }
    },
    {
      "type": "Feature",
      "geometry": {
        "type": "Point",
        "coordinates": [
          -0.187658,
          51.491582
        ]
      },
      "properties": {
        "id": "osm:way/7945412",
        "name": "Collingham Gardens",
        "payment_to_enter": null,
        "payment_to_sit": null,
        "time_pressure": null,
        "conversation": null,
        "activity": null,
        "seating": null,
        "setting": "outdoor",
        "support_options": null,
        "why": null,
        "verified": false,
        "verified_date": null,
        "osm_tags": {
          "access": "private",
          "leisure": "garden",
          "name": "Collingham Gardens"
        }
      }
    },
    {
      "type": "Feature",
      "geometry": {
        "type": "Point",
        "coordinates": [
          -0.190481,
          51.517208
        ]
      },
      "properties": {
        "id": "osm:way/79738409",
        "name": "Westbourne Gardens",
        "payment_to_enter": null,
        "payment_to_sit": null,
        "time_pressure": null,
        "conversation": null,
        "activity": null,
        "seating": null,
        "setting": "outdoor",
        "support_options": null,
        "why": null,
        "verified": false,
        "verified_date": null,
        "osm_tags": {
          "leisure": "garden",
          "name": "Westbourne Gardens",
          "opening_hours": "08:00-dusk",
          "operator": "Westminster City Council"
        }
      }
    },
    {
      "type": "Feature",
      "geometry": {
        "type": "Point",
        "coordinates": [
          -0.203809,
          51.507334
        ]
      },
      "properties": {
        "id": "osm:way/797819354",
        "name": "Ukrainian Institute in London",
        "payment_to_enter": null,
        "payment_to_sit": null,
        "time_pressure": null,
        "conversation": null,
        "activity": null,
        "seating": null,
        "setting": "indoor",
        "support_options": null,
        "why": null,
        "verified": false,
        "verified_date": null,
        "osm_tags": {
          "amenity": "community_centre",
          "name": "Ukrainian Institute in London"
        }
      }
    },
    {
      "type": "Feature",
      "geometry": {
        "type": "Point",
        "coordinates": [
          -0.192665,
          51.501977
        ]
      },
      "properties": {
        "id": "osm:way/804388250",
        "name": "Alec Clifton-Taylor Memorial Gardens",
        "payment_to_enter": null,
        "payment_to_sit": null,
        "time_pressure": null,
        "conversation": null,
        "activity": null,
        "seating": null,
        "setting": "outdoor",
        "support_options": null,
        "why": null,
        "verified": false,
        "verified_date": null,
        "osm_tags": {
          "leisure": "garden",
          "name": "Alec Clifton-Taylor Memorial Gardens"
        }
      }
    },
    {
      "type": "Feature",
      "geometry": {
        "type": "Point",
        "coordinates": [
          -0.124366,
          51.522772
        ]
      },
      "properties": {
        "id": "osm:way/804410349",
        "name": "The Horse Hospital",
        "payment_to_enter": null,
        "payment_to_sit": null,
        "time_pressure": null,
        "conversation": null,
        "activity": null,
        "seating": null,
        "setting": "indoor",
        "support_options": null,
        "why": null,
        "verified": false,
        "verified_date": null,
        "osm_tags": {
          "amenity": "arts_centre",
          "name": "The Horse Hospital",
          "opening_hours": "Mo-Sa 12:00-18:00",
          "wheelchair": "limited"
        }
      }
    },
    {
      "type": "Feature",
      "geometry": {
        "type": "Point",
        "coordinates": [
          -0.153511,
          51.488972
        ]
      },
      "properties": {
        "id": "osm:way/804847432",
        "name": "Mulberry Square",
        "payment_to_enter": "none",
        "payment_to_sit": null,
        "time_pressure": null,
        "conversation": null,
        "activity": null,
        "seating": null,
        "setting": "outdoor",
        "support_options": null,
        "why": null,
        "verified": false,
        "verified_date": null,
        "osm_tags": {
          "access": "yes",
          "fee": "no",
          "leisure": "garden",
          "name": "Mulberry Square"
        }
      }
    },
    {
      "type": "Feature",
      "geometry": {
        "type": "Point",
        "coordinates": [
          -0.190206,
          51.497667
        ]
      },
      "properties": {
        "id": "osm:way/806782067",
        "name": "Abbots Gardens",
        "payment_to_enter": null,
        "payment_to_sit": null,
        "time_pressure": null,
        "conversation": null,
        "activity": null,
        "seating": null,
        "setting": "outdoor",
        "support_options": null,
        "why": null,
        "verified": false,
        "verified_date": null,
        "osm_tags": {
          "access": "private",
          "leisure": "garden",
          "name": "Abbots Gardens"
        }
      }
    },
    {
      "type": "Feature",
      "geometry": {
        "type": "Point",
        "coordinates": [
          -0.182738,
          51.500354
        ]
      },
      "properties": {
        "id": "osm:way/808508399",
        "name": "Hyde Park Gate",
        "payment_to_enter": null,
        "payment_to_sit": null,
        "time_pressure": null,
        "conversation": null,
        "activity": null,
        "seating": null,
        "setting": "outdoor",
        "support_options": null,
        "why": null,
        "verified": false,
        "verified_date": null,
        "osm_tags": {
          "access": "private",
          "leisure": "garden",
          "name": "Hyde Park Gate"
        }
      }
    },
    {
      "type": "Feature",
      "geometry": {
        "type": "Point",
        "coordinates": [
          -0.191846,
          51.501132
        ]
      },
      "properties": {
        "id": "osm:way/817079506",
        "name": "The Roof Gardens",
        "payment_to_enter": null,
        "payment_to_sit": null,
        "time_pressure": null,
        "conversation": null,
        "activity": null,
        "seating": null,
        "setting": "outdoor",
        "support_options": null,
        "why": null,
        "verified": false,
        "verified_date": null,
        "osm_tags": {
          "access": "customers",
          "leisure": "garden",
          "name": "The Roof Gardens"
        }
      }
    },
    {
      "type": "Feature",
      "geometry": {
        "type": "Point",
        "coordinates": [
          -0.186985,
          51.490705
        ]
      },
      "properties": {
        "id": "osm:way/824246140",
        "name": "Bolton Gardens",
        "payment_to_enter": null,
        "payment_to_sit": null,
        "time_pressure": null,
        "conversation": null,
        "activity": null,
        "seating": null,
        "setting": "outdoor",
        "support_options": null,
        "why": null,
        "verified": false,
        "verified_date": null,
        "osm_tags": {
          "access": "private",
          "leisure": "garden",
          "name": "Bolton Gardens"
        }
      }
    },
    {
      "type": "Feature",
      "geometry": {
        "type": "Point",
        "coordinates": [
          -0.101544,
          51.505966
        ]
      },
      "properties": {
        "id": "osm:way/82459230",
        "name": "Kirkaldy Testing Museum",
        "payment_to_enter": "required",
        "payment_to_sit": null,
        "time_pressure": null,
        "conversation": null,
        "activity": null,
        "seating": null,
        "setting": "indoor",
        "support_options": null,
        "why": null,
        "verified": false,
        "verified_date": null,
        "osm_tags": {
          "fee": "yes",
          "name": "Kirkaldy Testing Museum",
          "tourism": "museum"
        }
      }
    },
    {
      "type": "Feature",
      "geometry": {
        "type": "Point",
        "coordinates": [
          -0.195219,
          51.496175
        ]
      },
      "properties": {
        "id": "osm:way/825900425",
        "name": "Sunningdale Gardens",
        "payment_to_enter": null,
        "payment_to_sit": null,
        "time_pressure": null,
        "conversation": null,
        "activity": null,
        "seating": null,
        "setting": "outdoor",
        "support_options": null,
        "why": null,
        "verified": false,
        "verified_date": null,
        "osm_tags": {
          "access": "private",
          "leisure": "garden",
          "name": "Sunningdale Gardens"
        }
      }
    },
    {
      "type": "Feature",
      "geometry": {
        "type": "Point",
        "coordinates": [
          -0.091898,
          51.506972
        ]
      },
      "properties": {
        "id": "osm:way/82770797",
        "name": "Clink Prison Museum",
        "payment_to_enter": "required",
        "payment_to_sit": null,
        "time_pressure": null,
        "conversation": null,
        "activity": null,
        "seating": null,
        "setting": "indoor",
        "support_options": null,
        "why": null,
        "verified": false,
        "verified_date": null,
        "osm_tags": {
          "fee": "yes",
          "name": "Clink Prison Museum",
          "opening_hours": "10:00-18:00, Dec 25 off",
          "tourism": "museum",
          "wheelchair": "no"
        }
      }
    },
    {
      "type": "Feature",
      "geometry": {
        "type": "Point",
        "coordinates": [
          -0.198361,
          51.496485
        ]
      },
      "properties": {
        "id": "osm:way/828887673",
        "name": "Pembroke Square",
        "payment_to_enter": null,
        "payment_to_sit": null,
        "time_pressure": null,
        "conversation": null,
        "activity": null,
        "seating": null,
        "setting": "outdoor",
        "support_options": null,
        "why": null,
        "verified": false,
        "verified_date": null,
        "osm_tags": {
          "access": "private",
          "leisure": "garden",
          "name": "Pembroke Square"
        }
      }
    },
    {
      "type": "Feature",
      "geometry": {
        "type": "Point",
        "coordinates": [
          -0.202742,
          51.497595
        ]
      },
      "properties": {
        "id": "osm:way/829934006",
        "name": "Edwardes Place",
        "payment_to_enter": null,
        "payment_to_sit": null,
        "time_pressure": null,
        "conversation": null,
        "activity": null,
        "seating": null,
        "setting": "outdoor",
        "support_options": null,
        "why": null,
        "verified": false,
        "verified_date": null,
        "osm_tags": {
          "access": "private",
          "leisure": "garden",
          "name": "Edwardes Place"
        }
      }
    },
    {
      "type": "Feature",
      "geometry": {
        "type": "Point",
        "coordinates": [
          -0.185216,
          51.491324
        ]
      },
      "properties": {
        "id": "osm:way/842068624",
        "name": "Gledhow Gardens",
        "payment_to_enter": null,
        "payment_to_sit": null,
        "time_pressure": null,
        "conversation": null,
        "activity": null,
        "seating": null,
        "setting": "outdoor",
        "support_options": null,
        "why": null,
        "verified": false,
        "verified_date": null,
        "osm_tags": {
          "access": "private",
          "leisure": "garden",
          "name": "Gledhow Gardens"
        }
      }
    },
    {
      "type": "Feature",
      "geometry": {
        "type": "Point",
        "coordinates": [
          -0.18333,
          51.49187
        ]
      },
      "properties": {
        "id": "osm:way/842304326",
        "name": "Bina Gardens East",
        "payment_to_enter": null,
        "payment_to_sit": null,
        "time_pressure": null,
        "conversation": null,
        "activity": null,
        "seating": null,
        "setting": "outdoor",
        "support_options": null,
        "why": null,
        "verified": false,
        "verified_date": null,
        "osm_tags": {
          "access": "private",
          "leisure": "garden",
          "name": "Bina Gardens East"
        }
      }
    },
    {
      "type": "Feature",
      "geometry": {
        "type": "Point",
        "coordinates": [
          -0.175189,
          51.494658
        ]
      },
      "properties": {
        "id": "osm:way/850052662",
        "name": "Institut français du Royaume-Uni (Language Centre)",
        "payment_to_enter": null,
        "payment_to_sit": null,
        "time_pressure": null,
        "conversation": null,
        "activity": null,
        "seating": null,
        "setting": "indoor",
        "support_options": null,
        "why": null,
        "verified": false,
        "verified_date": null,
        "osm_tags": {
          "amenity": "community_centre",
          "name": "Institut français du Royaume-Uni (Language Centre)"
        }
      }
    },
    {
      "type": "Feature",
      "geometry": {
        "type": "Point",
        "coordinates": [
          -0.149006,
          51.495726
        ]
      },
      "properties": {
        "id": "osm:way/850926757",
        "name": "Chester Square Gardens north",
        "payment_to_enter": null,
        "payment_to_sit": null,
        "time_pressure": null,
        "conversation": null,
        "activity": null,
        "seating": null,
        "setting": "outdoor",
        "support_options": null,
        "why": null,
        "verified": false,
        "verified_date": null,
        "osm_tags": {
          "access": "private",
          "leisure": "garden",
          "name": "Chester Square Gardens north"
        }
      }
    },
    {
      "type": "Feature",
      "geometry": {
        "type": "Point",
        "coordinates": [
          -0.150202,
          51.494898
        ]
      },
      "properties": {
        "id": "osm:way/850926758",
        "name": "Chester Square Gardens south",
        "payment_to_enter": null,
        "payment_to_sit": null,
        "time_pressure": null,
        "conversation": null,
        "activity": null,
        "seating": null,
        "setting": "outdoor",
        "support_options": null,
        "why": null,
        "verified": false,
        "verified_date": null,
        "osm_tags": {
          "access": "private",
          "leisure": "garden",
          "name": "Chester Square Gardens south"
        }
      }
    },
    {
      "type": "Feature",
      "geometry": {
        "type": "Point",
        "coordinates": [
          -0.108591,
          51.495801
        ]
      },
      "properties": {
        "id": "osm:way/8614496",
        "name": "Imperial War Museum London",
        "payment_to_enter": "none",
        "payment_to_sit": null,
        "time_pressure": null,
        "conversation": null,
        "activity": null,
        "seating": null,
        "setting": "indoor",
        "support_options": null,
        "why": null,
        "verified": false,
        "verified_date": null,
        "osm_tags": {
          "fee": "no",
          "internet_access": "wlan",
          "name": "Imperial War Museum London",
          "opening_hours": "10:00-18:00; Dec 24-26 off",
          "tourism": "museum",
          "wheelchair": "yes"
        }
      }
    },
    {
      "type": "Feature",
      "geometry": {
        "type": "Point",
        "coordinates": [
          -0.168133,
          51.496202
        ]
      },
      "properties": {
        "id": "osm:way/863545139",
        "name": "Egerton Gardens",
        "payment_to_enter": null,
        "payment_to_sit": null,
        "time_pressure": null,
        "conversation": null,
        "activity": null,
        "seating": null,
        "setting": "outdoor",
        "support_options": null,
        "why": null,
        "verified": false,
        "verified_date": null,
        "osm_tags": {
          "access": "private",
          "leisure": "garden",
          "name": "Egerton Gardens"
        }
      }
    },
    {
      "type": "Feature",
      "geometry": {
        "type": "Point",
        "coordinates": [
          -0.108164,
          51.515041
        ]
      },
      "properties": {
        "id": "osm:way/866222968",
        "name": "Dr. Johnsons House",
        "payment_to_enter": "required",
        "payment_to_sit": null,
        "time_pressure": null,
        "conversation": null,
        "activity": null,
        "seating": null,
        "setting": "indoor",
        "support_options": null,
        "why": null,
        "verified": false,
        "verified_date": null,
        "osm_tags": {
          "fee": "yes",
          "name": "Dr. Johnsons House",
          "tourism": "museum"
        }
      }
    },
    {
      "type": "Feature",
      "geometry": {
        "type": "Point",
        "coordinates": [
          -0.179235,
          51.489107
        ]
      },
      "properties": {
        "id": "osm:way/871635387",
        "name": "Cranley Mews Garden",
        "payment_to_enter": null,
        "payment_to_sit": null,
        "time_pressure": null,
        "conversation": null,
        "activity": null,
        "seating": null,
        "setting": "outdoor",
        "support_options": null,
        "why": null,
        "verified": false,
        "verified_date": null,
        "osm_tags": {
          "access": "private",
          "leisure": "garden",
          "name": "Cranley Mews Garden"
        }
      }
    },
    {
      "type": "Feature",
      "geometry": {
        "type": "Point",
        "coordinates": [
          -0.183862,
          51.488831
        ]
      },
      "properties": {
        "id": "osm:way/872852765",
        "name": "The Boltons",
        "payment_to_enter": null,
        "payment_to_sit": null,
        "time_pressure": null,
        "conversation": null,
        "activity": null,
        "seating": null,
        "setting": "outdoor",
        "support_options": null,
        "why": null,
        "verified": false,
        "verified_date": null,
        "osm_tags": {
          "access": "private",
          "leisure": "garden",
          "name": "The Boltons"
        }
      }
    },
    {
      "type": "Feature",
      "geometry": {
        "type": "Point",
        "coordinates": [
          -0.184447,
          51.489385
        ]
      },
      "properties": {
        "id": "osm:way/872852766",
        "name": "The Boltons",
        "payment_to_enter": null,
        "payment_to_sit": null,
        "time_pressure": null,
        "conversation": null,
        "activity": null,
        "seating": null,
        "setting": "outdoor",
        "support_options": null,
        "why": null,
        "verified": false,
        "verified_date": null,
        "osm_tags": {
          "access": "private",
          "leisure": "garden",
          "name": "The Boltons"
        }
      }
    },
    {
      "type": "Feature",
      "geometry": {
        "type": "Point",
        "coordinates": [
          -0.172729,
          51.500831
        ]
      },
      "properties": {
        "id": "osm:way/899957202",
        "name": "Prince's Gate Garden",
        "payment_to_enter": null,
        "payment_to_sit": null,
        "time_pressure": null,
        "conversation": null,
        "activity": null,
        "seating": null,
        "setting": "outdoor",
        "support_options": null,
        "why": null,
        "verified": false,
        "verified_date": null,
        "osm_tags": {
          "access": "private",
          "leisure": "garden",
          "name": "Prince's Gate Garden",
          "operator": "Imperial College"
        }
      }
    },
    {
      "type": "Feature",
      "geometry": {
        "type": "Point",
        "coordinates": [
          -0.088515,
          51.505047
        ]
      },
      "properties": {
        "id": "osm:way/90404358",
        "name": "Old Operating Theatre Museum",
        "payment_to_enter": "required",
        "payment_to_sit": null,
        "time_pressure": null,
        "conversation": null,
        "activity": null,
        "seating": null,
        "setting": "indoor",
        "support_options": null,
        "why": null,
        "verified": false,
        "verified_date": null,
        "osm_tags": {
          "fee": "yes",
          "name": "Old Operating Theatre Museum",
          "opening_hours": "Th-Su 10:30-17:00",
          "tourism": "museum",
          "wheelchair": "no"
        }
      }
    },
    {
      "type": "Feature",
      "geometry": {
        "type": "Point",
        "coordinates": [
          -0.169792,
          51.484114
        ]
      },
      "properties": {
        "id": "osm:way/905365405",
        "name": "Carlyle's House",
        "payment_to_enter": "required",
        "payment_to_sit": null,
        "time_pressure": null,
        "conversation": null,
        "activity": null,
        "seating": null,
        "setting": "indoor",
        "support_options": null,
        "why": null,
        "verified": false,
        "verified_date": null,
        "osm_tags": {
          "fee": "yes",
          "name": "Carlyle's House",
          "tourism": "museum",
          "wheelchair": "no"
        }
      }
    },
    {
      "type": "Feature",
      "geometry": {
        "type": "Point",
        "coordinates": [
          -0.174509,
          51.484016
        ]
      },
      "properties": {
        "id": "osm:way/907250641",
        "name": "Allen Hall Seminary Garden",
        "payment_to_enter": null,
        "payment_to_sit": null,
        "time_pressure": null,
        "conversation": null,
        "activity": null,
        "seating": null,
        "setting": "outdoor",
        "support_options": null,
        "why": null,
        "verified": false,
        "verified_date": null,
        "osm_tags": {
          "leisure": "garden",
          "name": "Allen Hall Seminary Garden"
        }
      }
    },
    {
      "type": "Feature",
      "geometry": {
        "type": "Point",
        "coordinates": [
          -0.095433,
          51.504549
        ]
      },
      "properties": {
        "id": "osm:way/94069678",
        "name": "The Bridge",
        "payment_to_enter": null,
        "payment_to_sit": null,
        "time_pressure": null,
        "conversation": null,
        "activity": null,
        "seating": null,
        "setting": "indoor",
        "support_options": null,
        "why": null,
        "verified": false,
        "verified_date": null,
        "osm_tags": {
          "amenity": "community_centre",
          "name": "The Bridge",
          "opening_hours": "Mo-Fr 07:00-20:30; Sa,Su 09:30-18:00",
          "wheelchair": "yes"
        }
      }
    },
    {
      "type": "Feature",
      "geometry": {
        "type": "Point",
        "coordinates": [
          -0.129963,
          51.532989
        ]
      },
      "properties": {
        "id": "osm:way/942821559",
        "name": "Coopers Lane Tenants Association Hall",
        "payment_to_enter": null,
        "payment_to_sit": null,
        "time_pressure": null,
        "conversation": null,
        "activity": null,
        "seating": null,
        "setting": "indoor",
        "support_options": null,
        "why": null,
        "verified": false,
        "verified_date": null,
        "osm_tags": {
          "amenity": "community_centre",
          "name": "Coopers Lane Tenants Association Hall",
          "operator": "London Borough of Camden"
        }
      }
    },
    {
      "type": "Feature",
      "geometry": {
        "type": "Point",
        "coordinates": [
          -0.170502,
          51.498333
        ]
      },
      "properties": {
        "id": "osm:way/95437424",
        "name": "Holy Trinity Churchyard",
        "payment_to_enter": null,
        "payment_to_sit": null,
        "time_pressure": null,
        "conversation": null,
        "activity": null,
        "seating": null,
        "setting": "outdoor",
        "support_options": null,
        "why": null,
        "verified": false,
        "verified_date": null,
        "osm_tags": {
          "leisure": "garden",
          "name": "Holy Trinity Churchyard"
        }
      }
    },
    {
      "type": "Feature",
      "geometry": {
        "type": "Point",
        "coordinates": [
          -0.170407,
          51.492786
        ]
      },
      "properties": {
        "id": "osm:way/96207419",
        "name": "Pelham Crescent Gardens",
        "payment_to_enter": null,
        "payment_to_sit": null,
        "time_pressure": null,
        "conversation": null,
        "activity": null,
        "seating": null,
        "setting": "outdoor",
        "support_options": null,
        "why": null,
        "verified": false,
        "verified_date": null,
        "osm_tags": {
          "access": "private",
          "leisure": "garden",
          "name": "Pelham Crescent Gardens"
        }
      }
    },
    {
      "type": "Feature",
      "geometry": {
        "type": "Point",
        "coordinates": [
          -0.140134,
          51.509741
        ]
      },
      "properties": {
        "id": "osm:way/96237005",
        "name": "Royal Academy",
        "payment_to_enter": null,
        "payment_to_sit": null,
        "time_pressure": null,
        "conversation": null,
        "activity": null,
        "seating": null,
        "setting": "indoor",
        "support_options": null,
        "why": null,
        "verified": false,
        "verified_date": null,
        "osm_tags": {
          "amenity": "college",
          "name": "Royal Academy",
          "tourism": "museum"
        }
      }
    },
    {
      "type": "Feature",
      "geometry": {
        "type": "Point",
        "coordinates": [
          -0.127878,
          51.510248
        ]
      },
      "properties": {
        "id": "osm:way/96237024",
        "name": "Charing Cross Library",
        "payment_to_enter": null,
        "payment_to_sit": null,
        "time_pressure": null,
        "conversation": null,
        "activity": null,
        "seating": null,
        "setting": "indoor",
        "support_options": null,
        "why": null,
        "verified": false,
        "verified_date": null,
        "osm_tags": {
          "amenity": "library",
          "name": "Charing Cross Library",
          "opening_hours": "Mo 09:30-20:00; Tu,Th-Fr 09:30-19:00; We 10:00-19:00; Sa 10:30-14:00; Su 11:00-17:00",
          "operator": "Westminster City Council",
          "wheelchair": "limited"
        }
      }
    },
    {
      "type": "Feature",
      "geometry": {
        "type": "Point",
        "coordinates": [
          -0.14126,
          51.497906
        ]
      },
      "properties": {
        "id": "osm:way/962600887",
        "name": "Cardinal Place Roof Garden",
        "payment_to_enter": null,
        "payment_to_sit": null,
        "time_pressure": null,
        "conversation": null,
        "activity": null,
        "seating": null,
        "setting": "indoor",
        "support_options": null,
        "why": null,
        "verified": false,
        "verified_date": null,
        "osm_tags": {
          "amenity": "arts_centre",
          "name": "Cardinal Place Roof Garden"
        }
      }
    },
    {
      "type": "Feature",
      "geometry": {
        "type": "Point",
        "coordinates": [
          -0.112284,
          51.51165
        ]
      },
      "properties": {
        "id": "osm:way/98485763",
        "name": "Two Temple Place",
        "payment_to_enter": null,
        "payment_to_sit": null,
        "time_pressure": null,
        "conversation": null,
        "activity": null,
        "seating": null,
        "setting": "indoor",
        "support_options": null,
        "why": null,
        "verified": false,
        "verified_date": null,
        "osm_tags": {
          "name": "Two Temple Place",
          "tourism": "museum",
          "wheelchair": "limited"
        }
      }
    },
    {
      "type": "Feature",
      "geometry": {
        "type": "Point",
        "coordinates": [
          -0.15314,
          51.526537
        ]
      },
      "properties": {
        "id": "osm:way/99492869",
        "name": "Japanese Garden",
        "payment_to_enter": null,
        "payment_to_sit": null,
        "time_pressure": null,
        "conversation": null,
        "activity": null,
        "seating": null,
        "setting": "outdoor",
        "support_options": null,
        "why": null,
        "verified": false,
        "verified_date": null,
        "osm_tags": {
          "access": "no",
          "leisure": "garden",
          "name": "Japanese Garden"
        }
      }
    },
    {
      "type": "Feature",
      "geometry": {
        "type": "Point",
        "coordinates": [
          -0.118168,
          51.497683
        ]
      },
      "properties": {
        "id": "osm:way/998276956",
        "name": "Lambeth Palace Library",
        "payment_to_enter": null,
        "payment_to_sit": null,
        "time_pressure": null,
        "conversation": null,
        "activity": null,
        "seating": null,
        "setting": "indoor",
        "support_options": null,
        "why": null,
        "verified": false,
        "verified_date": null,
        "osm_tags": {
          "amenity": "library",
          "name": "Lambeth Palace Library"
        }
      }
    },
    {
      "type": "Feature",
      "geometry": {
        "type": "Point",
        "coordinates": [
          -0.122893,
          51.510674
        ]
      },
      "properties": {
        "id": "osm:way/99952203",
        "name": "Hungarian Cultural Centre London",
        "payment_to_enter": null,
        "payment_to_sit": null,
        "time_pressure": null,
        "conversation": null,
        "activity": null,
        "seating": null,
        "setting": "indoor",
        "support_options": null,
        "why": null,
        "verified": false,
        "verified_date": null,
        "osm_tags": {
          "amenity": "community_centre",
          "name": "Hungarian Cultural Centre London"
        }
      }
    }
  ]
}
